event_date,event_state,event_city,event_name,event_location_name,event_address
2017-01-11,CT,Greenwich,Greenwich Academy(Webinar),Greenwich Academy,200 N Maple Ave
2017-01-12,GA,Bogart,MOWR Parent Information Night,North Oconee High School,1081 Rocky Branch Rd
2017-01-12,NJ,Basking Ridge,Ridge High School,Ridge High School,268 S Finley Ave
2017-01-17,CA,Culver City,Culver City High School Case Study Panel & Mini College Fair,Culver City High School,4401 Elenda St
2017-01-17,FL,Orlando,Boone High School Webinar,William R Boone High School,1000 E Kaley St
2017-01-19,CA,Calabasas,Calabasas High School Case Study & Mini College Fair,Calabasas High School,22855 Mulholland Hwy
2017-01-25,GA,Atlanta,REACH Day College & Career Fair,Georgia Railroad Freight Depot,65 Martin Luther King Jr Dr SE
2017-01-25,TX,Frisco,Frisco Independent School District College Fair,Reedy High School,3003 Stonebrook Pkwy
2017-01-28,CA,Los Angeles,Hollywood High School Spring Semester College Fair,Hollywood High School,1521 N Highland Ave
2017-01-29,SC,Greenville,Christ Church Episcopal School Case Studies Program & Mini College Fair,Christ Church Episcopal School,567 Wenwood Rd
2017-02-01,TX,Lewisville,Lewisville High School College & Career Day Fair,Lewisville High School,1098 W Main St
2017-02-02,TX,Arlington,Oakridge Fair,Oakridge School,5900 W Pioneer Pkwy
2017-02-02,TX,Fort Worth,All Saints Fair,All Saints Episcopal School,9700 Saints Cir
2017-02-02,TX,Fort Worth,Trinity Valley School Fair,Trinity Valley School,7500 Dutch Branch Rd
2017-02-15,CA,West Hills,de Toledo High School College Explorations Night,de Toledo High School,22622 Vanowen St
2017-02-22,FL,Ponte Vedra,Ponte Vedra High School College Fair Plus!,Ponte Vedra High School,460 Davis Park Rd
2017-02-23,FL,Jacksonville,Jacksonville Preparatory Schools College Fair,"University of North Florida, University Center",12000 Alumni Dr
2017-02-24,OH,Mentor,Lake Catholic High School - Webinar,Lake Catholic High School,6733 Reynolds Rd
2017-02-25,CA,Torrance,Torrance Unified School District College Fair,South High School,4801 Pacific Coast Hwy
2017-02-25,FL,Tampa,NACAC - Tampa National College Fair,Florida State Fairgrounds Expo Hall,4800 N US Highway 301
2017-02-26,FL,Miami,NACAC - Miami National College Fair,DoubleTree by Hilton Miami Airport Convention Center,711 NW 72nd Ave
2017-03-03,GA,Social Circle,Social Circle High School College & Career Fair,Social Circle High,154 Alcova Dr
2017-03-09,CA,Los Angeles,Los Angeles High School Fair,Los Angeles Senior High School,4650 W Olympic Blvd
2017-03-11,CA,La Verne,Lutheran High School College Fair,Lutheran High School,3960 Fruit St
2017-03-11,SC,Greenville,NACAC - Upstate South Carolina National College Fair,TD Convention Center,1 Exposition Dr
2017-03-12,NC,Charlotte,NACAC - Charlotte National College Fair,The Park Expo & Conference Center,800 Briar Creek Rd
2017-03-13,NC,Huntersville,Christ the King Catholic High School,Christ The King High School,2011 Crusader Way
2017-03-13,NC,Matthews,Covenant Day High School College Fair,Covenant Day School,800 Fullwood Rd
2017-03-14,NC,Raleigh,Grace Christian School,Grace Christian School,1101 Buck Jones Rd
2017-03-14,NC,Raleigh,NACAC - Raleigh National College Fair,Raleigh Convention Center,500 S Salisbury St
2017-03-14,NC,Raleigh,Sanderson High School Visit,Sanderson High School,5500 Dixon Dr
2017-03-14,NC,Raleigh,St. David's School,Saint David's School,3400 White Oak Rd
2017-03-16,GA,Cumming,Keys to the Dawg House @ Forsyth Central High School,Forsyth Central High School,520 Tribble Gap Rd
2017-03-18,GA,Atlanta,Latino College & STEM Fair,Georgia Tech Student Center,350 Ferst Dr. NW
2017-03-19,GA,Atlanta,NACAC - Atlanta National College Fair,Georgia International Convention Center,2000 Convention Center Concourse
2017-03-20,GA,Atlanta,College Fair at Charles R. Drew Charter School,Charles R. Drew Charter School,300 E Lake Blvd SE
2017-03-20,GA,Marietta,QUEST East College Fair @ Kell High School,Carlton J Kell High School,4770 Lee Waters Rd
2017-03-20,MD,Olney,Our Lady of Good Counsel High School College Fair,Our Lady Of Good Counsel HS,17301 Old Vic Blvd
2017-03-21,GA,Kennesaw,QUEST West College Fair,Kennesaw Mountain High School,1898 Kennesaw Due West Rd NW
2017-03-22,GA,Milton,PROBE College Fair at Cambridge High School,Cambridge High School,2845 Bethany Bnd
2017-03-27,CA,Newport Beach,Newport Harbor High School RACC Mini Fair,Newport Harbor High School,600 Irvine Ave
2017-03-27,NY,Brooklyn,Xaverian Annual College Fair,Xaverian High School - Anthony Leondis Gymnasium,7100 Shore Rd
2017-03-29,TX,Plano,John Paul II,John Paul Ii High School,900 Coit Rd
2017-03-29,VA,Fairfax,Northern Virginia Regional College Fair,George Mason University,4400 University Dr Stop 3A4
2017-03-30,TN,Chattanooga,Coast-to-Coast College Fair,Chattanooga Convention Center,1150 Carter Dr
2017-03-30,TX,Mesquite,Dallas Christian School Mini-Fair,Dallas Christian High School,1515 Republic Pkwy
2017-04-01,TN,Nashville,Nashville Case Studies and Mini College Fair,Harpeth Hall School,3801 Hobbs Rd
2017-04-01,TX,Dallas,College Previews College Fair,Hockaday School,11600 Welch Rd
2017-04-01,VA,Woodbridge,6th Annual IB Mid-Atlantic College Fair,Gar-Field Senior High School,14000 Smoketown Rd
2017-04-04,DC,Chevy Chase,St. John's College High School College Fair,St. John's College High School,2607 Military Rd NW
2017-04-04,TX,Addison,Dallas Darn Private Swing - Trinity Christian Academy,Trinity Christian Academy,17001 Addison Rd
2017-04-04,TX,Dallas,Dallas Darn Private Swing - Bishop Lynch,Bishop Lynch High School,9750 Ferguson Rd
2017-04-04,TX,Dallas,Dallas Darn Private Swing - Ursuline Academy,Ursuline Academy,4900 Walnut Hill Ln
2017-04-05,CA,Los Angeles,Woodrow Wilson High School College Fair,Woodrow Wilson High School,4500 Multnomah St
2017-04-05,MD,Gaithersburg,NACAC - Montgomery County National College Fair,Montgomery County Agricultural Center,501 Perry Pkwy
2017-04-05,TX,Hurst,Texas IB Schools College Fair,Hurst Conference Center,1601 Campus Dr
2017-04-07,CA,Anaheim,California-Nevada-Hawaii (CNH) Key Club District College EXPO,Anaheim Marriott Hotel,700 W Convention Way
2017-04-12,TX,Dallas,Highland Park College Kickoff 2017,Highland Park High School,4220 Emerson Ave
2017-04-13,CA,La Canada,La Canada HS RACC Case Study,La Canada High School,4463 Oak Grove Dr
2017-04-13,TX,Houston,NACAC - Houston National College Fair,NRG Park,1 Nrg Park
2017-04-17,TX,Irving,NACAC - Dallas/Fort Worth National College Fair,Irving Convention Center,500 Las Colinas Blvd W
2017-04-18,CA,Del Mar,SEC Spring College Tour,Hilton San Diego/Del Mar,15575 Jimmy Durante Blvd
2017-04-18,TX,San Antonio,Ronald Reagan High School Visit,Ronald Reagan High School,19000 Ronald Reagan
2017-04-18,TX,San Antonio,TACAC - San Antonio Regional College Fair,University of Texas San Antonio Campus Rec & Wellness Center,1 Utsa Cir
2017-04-18,TX,San Antonio,TMI Episcopal School of Texas Visit,Tmi Episcopal School Of Tx,20955 W Tejas Trl
2017-04-19,CA,Pasadena,SEC Spring College Tour,Hilton Pasadena,168 S Los Robles Ave
2017-04-19,TX,Austin,James Bowie High School Visit,James Bowie High School,4103 W Slaughter Ln
2017-04-19,TX,Austin,NACAC - Austin National College Fair,Palmer Events Center,900 Barton Springs Rd
2017-04-19,TX,Austin,Westwood High School Visit,Westwood High School,12400 Mellow Meadow Dr
2017-04-20,CA,Irvine,SEC Spring College Tour,Hilton Irvine/Orange County Airport,18800 Macarthur Blvd
2017-04-20,GA,Roswell,Blessed Trinity Catholic High School College Fair,Blessed Trinity Catholic HS,11320 Woodstock Rd
2017-04-20,GA,Roswell,Blessed Trinity College Fair,Blessed Trinity Catholic HS,11320 Woodstock Rd
2017-04-20,TX,Austin,Lake Travis High School Visit,Lake Travis High School,3324 Ranch Road 620 S
2017-04-23,CA,Anaheim,NACAC - Orange County National College Fair,Anaheim Convention Center,800 W Katella Ave
2017-04-24,CA,Del Mar,San Dieguito Union High School District College Night & Fair,Del Mar Fairgrounds - O'Brien Hall,2260 Jimmy Durante Blvd
2017-04-24,CA,Newport Beach,Corona del Mar High School Fair,Corona Del Mar High School,2101 Eastbluff Dr
2017-04-24,CA,Santa Ana,Mater Dei High School Visit,Mater Dei High School,1202 W Edinger Ave
2017-04-24,GA,Atlanta,Georgia Tech English Language Institute College Fair,O'Keefe Building,151 6th St NE
2017-04-25,CA,San Diego,NACAC - San Diego National College Fair,San Diego Convention Center,111 W Harbor Dr
2017-04-26,MD,N Bethesda,Washington Area Independent School College Fair,Georgetown Preparatory School,10900 Rockville Pike
2017-04-26,NJ,Secaucus,NACAC - New Jersey National College Fair,Meadowlands Exposition Center at Harmon Meadows,355 Plaza Dr
2017-04-26,NY,Bronx,The Bronx High School of Science College Fair,Bronx High School Of Science,75 W 205th St
2017-04-26,TN,Memphis,NACAC - Memphis National College Fair,Memphis Cook Convention Center,255 N Main St
2017-04-27,CA,Burlingame,Burlingame High School,Burlingame High School,1 Mangini Way
2017-04-27,CA,Los Gatos,Los Gatos HS Visit,Los Gatos High School,20 High School Ct
2017-04-27,CA,Redwood City,Sequoia HS Visit,Sequoia High School,1201 Brewster Ave
2017-04-27,CA,San Mateo,Campanile Visit,Campanile College Counseling,1777 Borel Pl Ste 205
2017-04-27,RI,Providence,Providence Independent School College Fair,Wheeler School,216 Hope St
2017-04-27,TX,Dallas,Highland Park High School Visit - Spring 17,Highland Park High School,4220 Emerson Ave
2017-04-27,VA,Richmond,Richmond Area Independent Schools College Fair,Collegiate School,103 N Mooreland Rd
2017-04-28,CA,San Jose,Leland HS Visit,Leland High School,6677 Camden Ave
2017-04-28,NJ,Chatham,Chatham High School,Chatham High School,255 Lafayette Ave
2017-04-28,NJ,Morristown,Morristown High School,Morristown High School,50 Early St
2017-04-28,NJ,Westfield,Westfield High School,Westfield High School,550 Dorian Rd
2017-04-28,VA,Newport News,Tidewater Independents College Fair,Hampton Roads Academy,739 Academy Ln
2017-04-29,CA,Daly City,NACAC - San Francisco National College Fair,Cow Palace Arena,2600 Geneva Ave
2017-04-30,TN,Nashville,NACAC - Nashville National College Fair,Nashville Convention Center,601 Commerce St
2017-05-01,GA,Kennesaw,Keys to the Dawg House at Mount Paran Christian School,Mount Paran Christian School,1275 Stanley Rd NW
2017-05-04,TX,Flower Mound,Flower Mound High School College Forum,Flower Mound High School,3411 Peters Colony Rd
2017-05-07,MA,Boston,NACAC - Boston National College Fair,Boston Convention & Exhibition Center,415 Summer St
2017-05-08,MA,Brockton,Brockton High School College Fair,Brockton High School,470 Forest Ave
2017-05-10,MD,Germantown,College Fair with Congressman John K. Delaney (MD-6),Northwest High School,13501 Richter Farm Rd
2017-05-11,TX,Plano,Plano West HS Visit,Plano West Senior High School,5601 W Parker Rd
2017-05-16,CA,La Canada Flt,St. Francis High School Case Study,St Francis High School,200 Foothill Blvd
2017-05-16,GA,Lawrenceville,"Gwinnett School of Mathematics, Science and Technology College Fair","Gwinnett School of Mathematics, Science, and Technology",970 Mcelvaney Ln
2017-05-18,CA,Los Angeles,Thomas Jefferson High School RACC Pres & Mini Fair,Thomas Jefferson High School,1319 E 41st St
2017-05-18,CA,Manhattan Bch,Mira Costa HS RACC Case Study,Mira Costa High School,1401 Artesia Blvd
2017-05-23,PA,Bryn Mawr,Philadelphia Area Independent Schools College Fair,Shipley School The,814 Yarrow St
2017-05-24,CA,Irvine,Woodbridge HS RACC OOS Night,Woodbridge High School,2 Meadowbrook
2017-05-24,PA,Ft Washington,Philadelphia Area Independent Schools College Fair,Germantown Academy,340 Morris Rd
2017-06-12,CA,Visalia,Visalia WACAC College Fair,Visalia Convention Center,303 E Acequia Ave
2017-06-14,TX,Fort Worth,DARN - College Search Series,Nolan Catholic High School,4501 Bridge St
2017-06-20,TX,Mansfield,DARN College Search Series- Mansfield,Mansfield High School,3001 E Broad St
2017-06-21,TX,Flower Mound,DARN - College Search Series - Flower Mound,Flower Mound High School,3411 Peters Colony Rd
2017-06-27,TX,Irving,DARN - College Search Series - Upward North,Uplift North Hills Preparatory,606 E Royal Ln
2017-06-28,GA,Atlanta,Connecting College & Careers to APS Core Course Fair (SMSEA),Benjamin E Mays High School,3450 Benjamin E Mays Drive Southwest
2017-06-28,TX,Plano,DARN - College Search Series - Prestonwood Christian,Prestonwood Christian Academy,6801 W Park Blvd
2017-08-01,TX,Fort Worth,DARN - College Search Series - Fossil Ridge,Fossil Ridge High School,4101 Thompson Rd
2017-08-21,GA,Albany,"Peach State Tour - Albany, GA",Deerfield-Windsor School,2500 Nottingham Way
2017-08-21,GA,Martinez,"Peach State Tour - Augusta, GA",Augusta Preparatory Day School,285 Flowing Wells Rd
2017-08-21,GA,Peachtree Cty,"Peach State Tour - Atlanta, GA",Mcintosh High School,201 Walt Banks Rd
2017-08-22,GA,Hamilton,"Peach State Tour - Columbus, GA",Harris County High School,8281 Ga Highway 116
2017-08-22,GA,Macon,"Peach State Tour - Macon, GA",Stratford Academy,6010 Peake Rd
2017-08-22,GA,Valdosta,"Peach State Tour - Valdosta, GA",Valdosta High School,3101 N Forrest St
2017-08-23,GA,Cairo,"Peach State Tour - Bainbridge, GA",Cairo High School,455 5th St SE
2017-08-23,GA,Vidalia,"Peach State Tour - Vidalia, GA",Vidalia High School,1001 North St W
2017-08-24,GA,Carrollton,"Peach State Tour - Carrollton, GA",Carrollton High School,202 Trojan Dr
2017-08-24,GA,Louisville,"Peach State Tour - Louisville, GA",Thomas Jefferson Academy,2264 US Highway 1 N
2017-08-24,GA,Tifton,"Peach State Tour - Tifton, GA",Tift County High School,1 Blue Devil Way
2017-08-27,GA,Tiger,"Peach State Tour - Clayton, GA",Rabun County High School,230 Wildcat Hill Dr
2017-08-28,GA,Gainesville,"Peach State Tour - Gainesville, GA",Lakeview Academy,796 Lakeview Dr
2017-08-28,GA,La Fayette,"Peach State Tour - Dalton, GA",LaFayette High School,100 Rambler Dr
2017-08-28,GA,Savannah,"Peach State Tour - Savannah, GA",Savannah Country Day School,824 Stillwood Dr
2017-08-29,GA,Brunswick,"Peach State Tour - Brunswick, GA",Glynn Academy,1001 Mansfield St
2017-08-29,GA,Cartersville,"Peach State Tour - Cartersville/Rome, GA",Cartersville High School,320 E Church St
2017-08-30,GA,Waycross,"Peach State Tour - Waycross, GA",Ware County High School,700 Victory Dr
2017-09-05,CA,Los Angeles,Milken Community High School,Milken Community High School,15800 Zeldins Way
2017-09-05,CA,Pacific Plsds,Palisades Charter High School,Palisades Charter High School,15777 Bowdoin St
2017-09-05,CA,Studio City,Harvard-Westlake School,Harvard-Westlake School,3700 Coldwater Canyon Ave
2017-09-05,GA,Atlanta,Charles R. Drew Charter,Charles R Drew Charter School,301 E Lake Blvd SE
2017-09-05,GA,Brunswick,Glynn Academy,Glynn Academy,1001 Mansfield St
2017-09-05,GA,Milton,"Peach State Tour - Milton, GA",Milton High School,13025 Birmingham Hwy
2017-09-05,GA,Tucker,PROBE Dekalb North Fair at Tucker High School,Tucker High School,5036 Lavista Rd
2017-09-05,TX,Fort Worth,"UGA at ""A Southern Tour"" - Fossil Ridge",Fossil Ridge High School,4101 Thompson Rd
2017-09-05,TX,Richardson,Richardson High School Mini Fair - DARN,Richardson High School,1250 W Belt Line Rd
2017-09-06,CA,Glendale,Glendale High School Presentation & RACC Mini Fair,Glendale High School,1440 E Broadway
2017-09-06,GA,Athens,PROBE Athens Fair at The Classic Center,The Classic Center,300 N Thomas St
2017-09-06,GA,Atlanta,Henry W. Grady HS,Henry W Grady High School,929 Charles Allen Dr NE
2017-09-06,GA,Atlanta,North Atlanta High School,North Atlanta High School,4111 Northside Pkwy NW
2017-09-06,GA,Atlanta,"Peach State Tour - Atlanta, GA",Charles R Drew Charter School,300 E Lake Blvd SE
2017-09-06,GA,Savannah,Benedictine Military School,Benedictine Military School,6502 Seawright Dr
2017-09-06,GA,Savannah,Calvary Day School,Calvary Day School,4625 Waters Ave
2017-09-06,GA,Savannah,Islands High School,Islands High School,170 Whitemarsh Island Rd
2017-09-06,GA,Savannah,Saint Vincent's Academy,Saint Vincent's Academy,207 E Liberty St
2017-09-06,TX,Fort Worth,Fort Worth Country Day School Visit,Fort Worth Country Day School,4200 Country Day Ln
2017-09-06,TX,Fort Worth,Nolan Catholic High School Parent College Night,Nolan Catholic High School,4501 Bridge St
2017-09-06,TX,Fort Worth,Southwest Christian School Visit,Southwest Christian School,6901 Altamesa Blvd
2017-09-06,TX,Fort Worth,Trinity Valley School Visit,Trinity Valley School,7500 Dutch Branch Rd
2017-09-06,TX,Fort Worth,"UGA at ""A Southern Tour"" - All Saints Episcopal",All Saints Episcopal School,9700 Saints Cir
2017-09-06,VA,Richmond,Collegiate School,Collegiate School,103 N Mooreland Rd
2017-09-06,VA,Richmond,Saint Christophers,Saint Christophers School,711 Saint Christophers Rd
2017-09-06,VA,Richmond,St. Catherines,Saint Catherines School,6001 Grove Ave
2017-09-06,VA,Woodberry For,Woodberry Forest,Woodberry Forest School,148 Woodberry Station
2017-09-07,CA,Beverly Hills,Beverly Hills High School,Beverly Hills High School,241 S Moreno Dr
2017-09-07,CA,Pls Vrds Est,Palos Verdes HS RACC College Night,Palos Verdes High School,600 Cloyden Rd
2017-09-07,CA,Rllng Hls Est,Palos Verdes Peninsula HS RACC Mini Fair,Palos Verdes Peninsula HS,27118 Silver Spur Rd
2017-09-07,GA,Conyers,RCA Visit,Rockdale Career Academy,1064 Culpepper Dr SW
2017-09-07,GA,Conyers,Rockdale County/Magnet HS Visit,Rockdale County High School,1174 Bulldog Cir NE
2017-09-07,GA,Lithonia,Arabia Mountain High School,Arabia Mountain High School,6610 Browns Mill Rd
2017-09-07,GA,Lithonia,PROBE Rockdale/S. Dekalb Fair at Mall at Stonecrest,Stonecrest Mall,2929 Turner Hill Rd
2017-09-07,GA,Loganville,PROBE Walton County Fair at Meridian Park,Meridian Park,105 Generation Blvd
2017-09-07,GA,Norcross,"Peach State Tour - Norcross, GA",Greater Atlanta Christian School,1575 Indian Trail Rd
2017-09-07,GA,Savannah,Savannah & Low Country Private School College Fair,Savannah International Trade & Convention Center,1 International Dr
2017-09-07,GA,Stone Mtn,Stephenson High School,Stephenson High School,701 Stephenson Rd
2017-09-07,TX,Dallas,Shelton School Visit - DARN Mini Fair,Shelton School,15720 Hillcrest Rd
2017-09-07,TX,Dallas,Yavneh Academy Visit,Yavneh Academy Of Dallas,12324 Merit Dr
2017-09-07,TX,Mansfield,"UGA at ""A Southern Tour"" - Mansfield",Mansfield ISD Center for the Performing Arts,1110 W Debbie Ln
2017-09-07,TX,Plano,Plano West High School Visit,Plano West Senior High School,5601 W Parker Rd
2017-09-08,GA,Atlanta,North Atlanta High School College Fair,North Atlanta High School,4111 Northside Pkwy NW
2017-09-08,GA,Duluth,Duluth High School Visit,Duluth High School,3737 Brock Rd
2017-09-08,GA,Suwanee,4th Annual Collins Hill High School College Fair,Collins Hill High School,50 Taylor Rd
2017-09-08,GA,Suwanee,Peachtree Ridge High School Visit,Peachtree Ridge High School,1555 Old Peachtree Rd NW
2017-09-08,KY,Louisville,duPont Manual High School,Dupont Manual High School,120 W Lee St
2017-09-08,KY,Louisville,Kentucky Country Day High School,Kentucky Country Day School,4100 Springdale Rd
2017-09-08,KY,Louisville,Saint Xavier High School,Saint Xavier High School,1609 Poplar Level Rd
2017-09-08,TX,Dallas,Lake Highland High School Mini Fair - DARN,Lake Highlands High School,9449 Church Rd
2017-09-08,TX,Dallas,Lakehill Prep DARN Mini Fair,Lakehill Preparatory School,2720 Hillside Dr
2017-09-09,GA,Atlanta,KIPP-Lovett-Westminster College Day,Renaissance Atlanta Waverly Hotel & Conference Center,2452 Galleria Pkwy SE
2017-09-09,KY,Louisville,NACAC Louisville National College Fair,Bellarmine University,2001 Newburg Rd
2017-09-10,GA,College Park,Woodward Academy College Fair 2017,Woodward Academy,1662 Rugby Ave
2017-09-11,GA,Alpharetta,PROBE Atlanta North Fair at North Point Mall,North Point Mall,1000 N Point Cir
2017-09-11,GA,Greenville,Greenville High School,Greenville High School,PO Box 340
2017-09-11,GA,Hogansville,Callaway High School,Callaway High School,221 Whitfield Rd
2017-09-11,GA,Kennesaw,"Peach State Tour - Kennesaw, GA",Harrison High School,4500 Due West Rd NW
2017-09-11,GA,Lagrange,LaGrange Academy,La Grange Academy,1501 Vernon Rd
2017-09-11,GA,Lagrange,LaGrange High School,Lagrange High School,516 N Greenwood St
2017-09-11,GA,Rome,Armuchee High School,Armuchee High School,4203 Martha Berry Hwy NW
2017-09-11,GA,Rome,Darlington School's Annual College Fair,Darlington School,1014 Cave Spring Rd SW
2017-09-11,GA,Rome,Model High School,Model High School,3252 Calhoun Rd NE
2017-09-11,GA,Sandy Springs,North Springs Charter HS,North Springs Charter HS,7447 Roswell Rd
2017-09-11,GA,Sandy Springs,Riverwood International Charter School,Riverwood International Charter School,5900 Raider Dr
2017-09-11,SC,Charleston,CACRAO - Charleston County Independent School Evening Fair,Porter-Gaud School,300 Albemarle Rd
2017-09-11,SC,Daniel Island,Bishop England High School,Bishop England High School,363 Seven Farms Dr
2017-09-11,SC,N Charleston,Academic Magnet High School,Academic Magnet High School,5109A W Enterprise St
2017-09-11,SC,N Charleston,CACRAO - Charleston County Consolidated Morning Fair,North Charleston Coliseum & Performing Arts Center,5001 Coliseum Dr
2017-09-11,TX,Austin,Austin High School Visit,Stephen F Austin High School,1715 W Cesar Chavez St
2017-09-11,TX,Austin,James Bowie High School Visit,James Bowie High School,4103 W Slaughter Ln
2017-09-11,TX,Austin,Veritas Academy Visit,Veritas Academy,4220 Monterey Oaks Blvd
2017-09-11,TX,Austin,Westwood High School Visit,Westwood High School,12400 Mellow Meadow Dr
2017-09-11,TX,Dallas,Highland Park High School College Night,Highland Park High School,4220 Emerson Ave
2017-09-11,TX,Plano,Plano Senior High School College Night 2017,Plano Senior High School,2200 Independence Pkwy
2017-09-12,CA,Calabasas,Calabasas High School,Calabasas High School,22855 Mulholland Hwy
2017-09-12,CA,Thousand Oaks,La Reina High School,La Reina High School,106 W Janss Rd
2017-09-12,CA,Westlake Vlg,Westlake High School Visit,Westlake High School,100 N Lakeview Canyon Rd
2017-09-12,DC,Washington,Georgetown Visitation,Georgetown Visitation Prep School,1524 35th St NW
2017-09-12,DC,Washington,Gonzaga College HS,Gonzaga College High School,19 I St NW
2017-09-12,DC,Washington,St Johns College HS,Saint Johns College HS,2607 Military Rd NW
2017-09-12,GA,Cumming,Pinecrest Academy,Pinecrest Academy,955 Peachtree Pwky
2017-09-12,GA,Cumming,PROBE Forsyth County Fair at Lanier Tech Conference Center,Forsyth Conference Center at Lanier Technical College,3410 Ronald Reagan Blvd
2017-09-12,GA,Decatur,Decatur High School,Decatur High School,310 N Mcdonough St
2017-09-12,GA,Kathleen,Veterans High School Senior Night,Veterans High School,340 Piney Grove Rd
2017-09-12,GA,Lagrange,Troup County Comprehensive High School,Troup County Comprehensive High School,1920 Hamilton Rd
2017-09-12,GA,Manchester,Manchester High School,Manchester High School,405 N 5th Ave
2017-09-12,GA,Marietta,PROBE Cobb County Fair at Marietta High School,Marietta High School,1171 Whitlock Ave SW
2017-09-12,GA,Thomaston,Upson-Lee High School,Upson-Lee High School,268 Knight Trl
2017-09-12,GA,Zebulon,Pike County High School,Pike County High School,331 Pirate Dr
2017-09-12,NC,Concord,Cannon School,Cannon School,5801 Poplar Tent Rd
2017-09-12,NC,Huntersville,Lake Norman Charter School,Lake Norman Charter School,12701 Old Statesville Rd
2017-09-12,NC,Waxhaw,Marvin Ridge High School,Marvin Ridge High School,2825 Crane Rd
2017-09-12,SC,Summerville,CACRAO - Ashley Ridge High School,Ashley Ridge High School,9800 Delemar Hwy
2017-09-12,SC,Summerville,CACRAO - Summerville High School Fair,Summerville High School,1101 Boone Hill Rd
2017-09-12,SC,Summerville,Pinewood Preparatory,Pinewood Preparatory School,1114 Orangeburg Rd
2017-09-12,TN,Chattanooga,Baylor School College Fair,Baylor School,171 Baylor School Rd
2017-09-12,TX,Carrollton,Carrollton-Farmers Branch ISD College Night @Creekview High School,Creekview High School,3201 Old Denton Rd
2017-09-12,TX,Dallas,College Night for Dallas Catholic High Schools,Jesuit College Preparatory Sch,12345 Inwood Rd
2017-09-12,TX,Fort Worth,Paschal High School Visit,Robert L Paschal High School,3001 Forest Park Blvd
2017-09-12,TX,Plano,Plano East Senior High School College Fair,Plano East Senior High School,3000 Los Rios Blvd
2017-09-12,TX,Richardson,JJ Pearce High School Visit,J J Pearce High School,1600 N Coit Rd
2017-09-13,CA,Simi Valley,Simi Valley USD College Fair,Simi Valley High School,5400 Cochran St
2017-09-13,FL,Niceville,Okaloosa and Walton County College Night,Northwest Florida State College,100 College Blvd E
2017-09-13,GA,Atlanta,Druid Hills High School,Druid Hills High School,1798 Haygood Dr NE
2017-09-13,GA,Duluth,PROBE Gwinnett North Fair at Infinite Energy Center,Infinite Energy Center,6400 Sugarloaf Pkwy
2017-09-13,GA,Dunwoody,Dunwoody High School,Dunwoody High School,5035 Vermack Rd
2017-09-13,GA,Lawrenceville,Archer High School Visit,Archer High School,2255 New Hope Rd
2017-09-13,GA,Macon,Central High School,Central High School,2155 Napier Ave
2017-09-13,GA,Macon,First Presbyterian Day School,First Presbyterian Day School,5671 Calvin Dr
2017-09-13,GA,Macon,Stratford Academy,Stratford Academy,6010 Peake Rd
2017-09-13,GA,Macon,Tattnall Square Academy,Tattnall Square Academy,111 Trojan Trl
2017-09-13,MD,Bethesda,Stone Ridge,Stone Ridge Sch Sacred Heart,9101 Rockville Pike
2017-09-13,MD,Bethesda,Walt Whitman High School,Walt Whitman High School,7100 Whittier Blvd
2017-09-13,MD,Bethesda,Walter Johnson High School,Walter Johnson High School,6400 Rock Spring Dr
2017-09-13,MD,N Bethesda,Georgetown Preparatory School,Georgetown Preparatory School,10900 Rockville Pike
2017-09-13,NC,Asheville,Asheville High School,Asheville High School,419 Mcdowell St
2017-09-13,NC,Asheville,Carolina Day School,Carolina Day School,1345 Hendersonville Rd
2017-09-13,NC,Charlotte,Charlotte Catholic High School,Charlotte Catholic High School,7702 Pineville Matthews Rd
2017-09-13,SC,Charleston,Ashley Hall,Ashley Hall,172 Rutledge Ave
2017-09-13,SC,Charleston,James Island Charter High School,James Island Charter HS,1000 Fort Johnson Rd
2017-09-13,SC,Johns Island,Charleston Collegiate,Charleston Collegiate School,2024 Academy Rd
2017-09-13,SC,Mt Pleasant,CACRAO - Wando High School Fair,Wando High School,1000 Warrior Way
2017-09-13,TN,Chattanooga,Girls Preparatory School,Girls Preparatory School,205 Island Ave
2017-09-13,TN,Chattanooga,McCallie,Mccallie School,500 Dodds Ave
2017-09-13,TN,Chattanooga,Notre Dame High School College Fair,Notre Dame High School,2701 Vermont Ave
2017-09-13,TN,Chattanooga,Silverdale Baptist Academy,Silverdale Baptist Academy,7236 Bonny Oaks Dr
2017-09-13,TX,Allen,TACRAO - Allen High School's 2017 College Night,Allen High School,300 Rivercrest Blvd
2017-09-13,TX,Frisco,Frisco ISD College Fair@Lebanon Trail High School,Lebanon Trail High School,5151 Ohio Dr
2017-09-13,TX,Lucas,Lovejoy High School College Fair,Lovejoy High School,2350 Estates Pkwy
2017-09-13,VA,Alexandria,Thomas Jefferson Sci/Tec,Thomas Jefferson HS Sci/Tec,6560 Braddock Rd
2017-09-14,CA,Dana Point,Dana Hills High School,Dana Hills High School,33333 Golden Lantern St
2017-09-14,CA,San Clemente,San Clemente High School,San Clemente High School,700 Avenida Pico
2017-09-14,FL,Panama City,Gulf Coast State College College Night,Gulf Coast State College,5230 U.S. 98
2017-09-14,GA,Atlanta,PROBE Atlanta City Fair at Atlanta Metro State College,Atlanta Metropolitan State College,1630 Metropolitan Pkwy SW
2017-09-14,GA,Augusta,2017 Central Savannah River Area (CSRA) College Night,James Brown Arena,601 7th St
2017-09-14,MD,North Potomac,Quince Orchard,Quince Orchard High School,15800 Quince Orchard Rd
2017-09-14,MD,Potomac,Bullis School,Bullis School,10601 Falls Rd
2017-09-14,MD,Potomac,Connelly School Holy Child,Connelly School Holy Child,9029 Bradley Blvd
2017-09-14,MD,Potomac,Winston Churchill,Winston Churchill High School,11300 Gainsborough Rd
2017-09-14,NC,Arden,Christ School,Christ School,500 Christ School Rd
2017-09-14,NC,Asheville,Asheville School,Asheville School,360 Asheville School Rd
2017-09-14,NC,Asheville,CACRAO - Asheville Area Fair,University of North Carolina Asheville,1 University Heights
2017-09-14,NC,Asheville,TC Roberson High School,T C Roberson High School,250 Overlook Rd
2017-09-14,PA,Lansdale,North Penn High School,North Penn High School,1340 S Valley Forge Rd
2017-09-14,SC,Charleston,Porter-Gaud School,Porter-Gaud School,300 Albemarle Rd
2017-09-14,TX,Allen,Allen High School Visit,Allen High School,300 Rivercrest Blvd
2017-09-14,TX,Argyle,Liberty Christian School Visit,Liberty Christian School,1301 S US Highway 377
2017-09-14,TX,Coppell,TACRAO - Coppell High School College Fair,Coppell High School,185 W Parkway Blvd
2017-09-15,AL,Huntsville,Randolph School,Randolph School,4915 Garth Rd SE
2017-09-15,CA,La Canada,La Canada High School,La Canada High School,4463 Oak Grove Dr
2017-09-15,CA,La Canada,St. Francis High School,Saint Francis High School,200 Foothill Blvd
2017-09-15,CA,Pasadena,Westridge High School,Westridge School For Girls,324 Madeline Dr
2017-09-15,CA,S Pasadena,South Pasadena High School,South Pasadena High School,1401 Fremont Ave
2017-09-15,TX,Addison,Trinity Christian Academy College Day Program,Trinity Christian Academy,17001 Addison Rd
2017-09-15,TX,Fort Worth,Fort Worth College Day 2017,Fort Worth Country Day School,4200 Country Day Ln
2017-09-16,CA,Burbank,Burbank Unified School District College & Career Fair,John Burroughs High School,1920 W Clark Ave
2017-09-17,AL,Birmingham,NACAC Birmingham National College Fair,Birmingham-Jefferson Convention Complex,2100 Richard Arrington Jr Blvd N
2017-09-17,MO,Saint Louis,West County Private High School Fall College Fair - MOACAC,Christian Brothers College HS,1850 De La Salle Dr
2017-09-17,NC,Raleigh,CACRAO - Wake County Schools@NC State University,North Carolina State University,1101 Gorman Street
2017-09-18,AL,Birmingham,Altamont School,Altamont School,4801 Altamont Rd S
2017-09-18,AL,Hoover,Hoover High School,Hoover High School,1000 Buccaneer Dr
2017-09-18,AL,Mountain Brk,Mountain Brook High School,Mountain Brook High School,3650 Bethune Dr
2017-09-18,GA,Alpharetta,Alpharetta High School,Alpharetta High School,3595 Webb Bridge Rd
2017-09-18,GA,Chamblee,Chamblee Charter High School,Chamblee High School,3688 Chamblee Dunwoody Rd
2017-09-18,GA,Cordele,Crisp County High School,Crisp County High School,2402 Cougar Aly
2017-09-18,GA,Hawkinsville,Hawkinsville High School,Hawkinsville High School,24 Red Devil Dr
2017-09-18,GA,Milton,Milton High School,Milton High School,13025 Birmingham Hwy
2017-09-18,GA,Pinehurst,Fullington Academy,Fullington Academy,PO Box B
2017-09-18,GA,Roswell,Roswell High School,Roswell High School,11595 King Rd
2017-09-18,GA,Vienna,Dooly County High School,Dooly County High School,715 N 3rd St
2017-09-18,LA,Metairie,Metairie Park Country Day School,Metairie Park Country Day Sch,300 Park Rd
2017-09-18,LA,New Orleans,Academy of the Sacred Heart High School Visit,Academy Of The Sacred Heart,4521 Saint Charles Ave
2017-09-18,LA,New Orleans,Ben Franklin High School College Fair,Benjamin Franklin High School,2001 Leon C Simon Dr
2017-09-18,LA,New Orleans,Isidore Newman School,Isidore Newman School,1903 Jefferson Ave
2017-09-18,LA,New Orleans,St. Mary's Dominican High School,Saint Marys Dominican High Sch,7701 Walmsley Ave
2017-09-18,NC,Raleigh,Needham Broughton,Needham B Broughton HS,723 Saint Marys St
2017-09-18,NC,Raleigh,Raleigh Charter High School,Raleigh Charter High School,1307 Glenwood Ave
2017-09-18,NC,Raleigh,Saint Mary's School,Saint Marys School,900 Hillsborough St
2017-09-18,NC,Raleigh,St. David's School,Saint David's School,3400 White Oak Rd
2017-09-18,PA,Horsham,Hatboro-Horsham High School,Hatboro-Horsham High School,899 Horsham Rd
2017-09-18,SC,Greenville,CACRAO - Greenville County Consolidated Morning Fair,TD Convention Center,1 Exposition Dr
2017-09-18,SC,Greenville,Christ Church Episcopal School,Christ Church Episcopal School,567 Wenwood Rd
2017-09-18,SC,Greenville,Wade Hampton High School,Wade Hampton High School,100 Pine Knoll Dr
2017-09-18,TX,Austin,Lake Travis High School Visit,Lake Travis High School,3324 Ranch Road 620 S
2017-09-18,TX,Austin,Saint Michaels Academy Visit,Saint Michaels Catholic Acad,3000 Barton Creek Blvd
2017-09-18,TX,Austin,Vandergrift High School Visit,Vandegrift High School,9500 Mcneil Dr
2017-09-18,TX,Austin,Westlake High School Visit,Westlake High School,4100 Westbank Dr
2017-09-18,TX,Fort Worth,2017 Citywide College Night - Fort Worth Independent School District,Amon G Carter Exhibits Building,3400 Burnett Tandy Dr
2017-09-18,TX,Prosper,Prosper High School College Night,Prosper High School,301 Eagle Dr
2017-09-18,TX,Round Rock,Round Rock High School Visit,Round Rock High School,300 N Lake Creek Dr
2017-09-18,VA,Alexandria,Bishop Ireton High School,Bishop Ireton High School,201 Cambridge Rd
2017-09-18,VA,Alexandria,Episcopal High School,Episcopal High School,1200 N Quaker Ln
2017-09-18,VA,Alexandria,West Potomac High School,West Potomac High School,6500 Quander Rd
2017-09-19,AL,Birmingham,Spain Park High School,Spain Park High School,4700 Jaguar Dr
2017-09-19,AL,Indian Spgs,Indian Springs School,Indian Springs School,190 Woodward Dr
2017-09-19,AL,Vestavia,Vestavia Hills High School,Vestavia Hills High School,2235 Lime Rock Rd
2017-09-19,CA,Manhattan Bch,Mira Costa High School,Mira Costa High School,1401 Artesia Blvd
2017-09-19,CA,Newport Beach,Corona del Mar High School,Corona Del Mar High School,2101 Eastbluff Dr
2017-09-19,GA,Alpharetta,Saint Francis High School,Saint Francis High School,13440 Cogburn Rd
2017-09-19,GA,Americus,Southland Academy,Southland Academy,PO Box 1127
2017-09-19,GA,Atlanta,Lovett School,Lovett School,4075 Paces Ferry Rd NW
2017-09-19,GA,Atlanta,Pace Academy,Pace Academy,966 W Paces Ferry Rd NW
2017-09-19,GA,Douglasville,PROBE Douglas County Fair at Arbor Place Mall,Arbor Place,6700 Douglas Blvd
2017-09-19,GA,Ellaville,Schley County High School,Schley County High School,PO Box 1350
2017-09-19,GA,Montezuma,Macon County High School,Macon County High School,611 Vienna Rd
2017-09-19,GA,Tifton,UGA Southwest ShowCAES,Uga Tifton Campus Conf Center,15 R D C Road
2017-09-19,LA,Kenner,NACAC New Orleans National College Fair,Pontchartrain Convention & Civic Center,4545 Williams Blvd
2017-09-19,LA,Metairie,St. Martin's Episcopal School,Saint Martins Episcopal School,225 Green Acres Rd
2017-09-19,MD,Bethesda,Bethesda Chevy Chase,Bethesda Chevy Chase HS,4301 East West Hwy
2017-09-19,NC,Chapel Hill,CACRAO - Chapel Hill: Orange County Schools,Dean E. Smith Center,300 Skipper Bowles Dr
2017-09-19,NC,Chapel Hill,East Chapel Hill High School,East Chapel Hill High School,500 Weaver Dairy Rd
2017-09-19,NC,Durham,Durham Academy,Durham Academy Upper School,3601 Ridge Rd
2017-09-19,NC,Raleigh,Cardinal Gibbons High School,Cardinal Gibbons High School,1401 Edwards Mill Rd
2017-09-19,NC,Raleigh,GRACE Christian School,Grace Christian School,1101 Buck Jones Rd
2017-09-19,SC,Greenville,Greenville Senior High Academy,Greenville HS Acad Law Fin Bus,1 Vardry St
2017-09-19,SC,Mauldin,Mauldin High School,Mauldin High School,701 E Butler Rd
2017-09-19,TN,Chattanooga,McCallie/GPS 2017 College Night,Mccallie School,500 Dodds Ave
2017-09-19,TN,Nashville,Ensworth High School Mini College Fair,Ensworth High School,7401 Highway 100
2017-09-19,TN,Nashville,Montgomery Bell College Fair,Montgomery Bell Academy,4001 Harding Rd
2017-09-19,TN,Nashville,St. Cecilia Academy College Fair,St. Cecilia Academy,4210 Harding Pike
2017-09-19,TX,Dallas,Hockaday School Visit,Hockaday School,11600 Welch Rd
2017-09-19,TX,Dallas,Saint Marks School Visit,Saint Marks School Of Texas,10600 Preston Rd
2017-09-19,TX,Dallas,Ursuline Academy Visit,Ursuline Academy,4900 Walnut Hill Ln
2017-09-19,TX,Garland,Garland ISD 2017 College Night,Curtis Culwell Center,4999 Naaman Forest Blvd
2017-09-19,TX,Irving,Irving ISD College Night@Jack E. Singley Academy,Jack E. Singley Academy,4601 N Macarthur Blvd
2017-09-19,TX,Westlake,Westlake Academy Visit,Westlake Academy,2600 J T Ottinger Rd
2017-09-20,CA,Calabasas,Viewpoint School,Viewpoint School,23620 Mulholland Hwy
2017-09-20,CA,N Hollywood,Oakwood School,Oakwood School,11600 Magnolia Blvd
2017-09-20,CA,Van Nuys,iLEAD North Hollywood,iLEAD Hybrid - North Hollywood (NoHo),14701 Friar St
2017-09-20,GA,Buena Vista,Marion County High School,Marion County High School,1 Eagle Dr
2017-09-20,GA,Columbus,Brookstone School,Brookstone School,440 Bradley Park Dr
2017-09-20,GA,Columbus,Columbus High School,Columbus High School,1700 Cherokee Ave
2017-09-20,LA,Baton Rouge,Catholic High School Visit,Catholic High School,855 Hearthstone Dr
2017-09-20,LA,Baton Rouge,NACAC Baton Rouge National College Fair,Raising Cane's River Center,275 River Rd S
2017-09-20,LA,Baton Rouge,St. Josephs Academy,Saint Josephs Academy,3015 Broussard St
2017-09-20,NC,Cary,Green Hope High School,Green Hope High School,2500 Carpenter Upchurch Rd
2017-09-20,NC,Cary,Panther Creek High School,Panther Creek HS,6770 Mccrimmon Pkwy
2017-09-20,NC,Winston Salem,RJ Reynolds High School,R J Reynolds High School,301 N Hawthorne Rd
2017-09-20,SC,Columbia,A C Flora High School,A C Flora High School,1 Falcon Dr
2017-09-20,SC,Columbia,Cardinal Newman High School,Cardinal Newman High School,4701 Forest Dr
2017-09-20,SC,Columbia,Hammond School,Hammond School,854 Galway Ln
2017-09-20,SC,Columbia,Heathwood Hall Episcopal School,Heathwood Hall Episcopal Sch,3000 S Beltline Blvd
2017-09-20,SC,Columbia,Spring Valley High School,Spring Valley High School,120 Sparkleberry Ln
2017-09-20,TN,Brentwood,Brentwood High School,Brentwood High School,5304 Murray Ln
2017-09-20,TN,Franklin,Williamson County College Fair 2017,Cool Springs Galleria,1800 Galleria Blvd
2017-09-20,TN,Nashville,Father Ryan High School College Fair,Father Ryan High School,700 Norwood Dr
2017-09-20,TN,Nashville,Harpeth Hall School Mini College Fair,The Harpeth Hall School,3801 Hobbs Rd
2017-09-20,TX,Dallas,Dallas ISD College & Career Fair@Ellis Davis Fieldhouse,Ellis Davis Fieldhouse,9191 S Polk St
2017-09-20,TX,Irving,Cistercian Preparatory School Visit,Cistercian Preparatory School,3660 Cistercian Rd
2017-09-20,TX,Plano,Plano ISD Academy High School Visit,Plano Isd Academy High School,1701 Alma Dr
2017-09-20,TX,Southlake,Carroll Senior High School Visit,Carroll Senior High School,1501 W Southlake Blvd
2017-09-20,VA,Richmond,Maggie L. Walker Governor's School,Maggie L Walker Governors Schl,1000 N Lombardy St
2017-09-20,VA,Richmond,Mills E Godwin,Mills E Godwin High School,2101 Pump Rd
2017-09-21,CA,Los Alamitos,Los Alamitos High School,Los Alamitos High School,3591 Cerritos Ave
2017-09-21,CA,Pls Vrds Pnsl,Chadwick School,Chadwick School,26800 Academy Dr
2017-09-21,CA,Torrance,Bishop Montgomery High Schol,Bishop Montgomery High School,5430 Torrance Blvd
2017-09-21,GA,Duluth,Northview High School,Northview High School,10625 Parsons Rd
2017-09-21,GA,Fort Valley,Peach County High School,Peach County High School,900 Campus Dr
2017-09-21,GA,Jefferson,Jefferson High School,Jefferson High School,575 Washington St
2017-09-21,GA,Johns Creek,Johns Creek High School,Johns Creek High School,5575 State Bridge Rd
2017-09-21,GA,Loganville,Grayson High School College Fair,Grayson High School,50 Hope Hollow Rd
2017-09-21,GA,Lyons,UGA Southeast ShowCAES,Toombs County Ag Center,523 Quint Shrine Rd # 529
2017-09-21,GA,Macon,Howard High School,Howard High School,6400 Forsyth Rd
2017-09-21,GA,Milton,Cambridge High School,Cambridge High School,2845 Bethany Bnd
2017-09-21,GA,Perry,The Westfield School,Westfield School,PO Box 2300
2017-09-21,LA,Baton Rouge,Dunham School Visit,Dunham School,11111 Roy Emerson Dr
2017-09-21,LA,Baton Rouge,Episcopal School,Episcopal High School,3200 Woodland Ridge Blvd
2017-09-21,LA,Baton Rouge,Parkview Baptist High School,Parkview Baptist High School,5750 Parkview Church Rd
2017-09-21,LA,New Orleans,Jesuit High School New Orleans College Fair,Jesuit High School,4133 Banks St
2017-09-21,MD,Bethesda,Holton Arms,Holton Arms School,7303 River Rd
2017-09-21,TN,Brentwood,Brentwood Academy,Brentwood Academy,219 Granny White Pike
2017-09-21,TN,Franklin,Battle Ground Academy,Battle Ground Academy,336 Ernest Rice Ln
2017-09-21,TN,Franklin,Franklin High School,Franklin High School,810 Hillsboro Rd
2017-09-21,TX,Dallas,Bishop Lynch School Visit,Bishop Lynch High School,9750 Ferguson Rd
2017-09-21,TX,Dallas,Highland Park High School Visit,Highland Park High School,4220 Emerson Ave
2017-09-21,TX,Mckinney,McKinney ISD College Night 2017,Mckinney Boyd High School,600 N Lake Forest Dr
2017-09-22,CA,Los Angeles,Wildwood School,Wildwood School,11811 W Olympic Blvd
2017-09-22,CA,Santa Monica,New Roads School,New Roads School,3131 Olympic Blvd
2017-09-22,LA,Covington,Northlake Christian School,Northlake Christian School,70104 Wolverine Dr
2017-09-22,LA,Mandeville,Fontainebleau High School,Fontainebleau High School,100 Bulldog Dr
2017-09-22,LA,Mandeville,Mandeville High School,Mandeville High School,1 Skipper Dr
2017-09-24,VA,Ashburn,VACRAO - Loudoun County College Fair 2017,Stone Bridge High School,43100 Hay Rd
2017-09-25,CA,Fullerton,Troy High School Annual College & University Night,Troy High School,2200 Dorothy Ln
2017-09-25,CA,Orange,Orange Lutheran High School RACC Mini Fair,Lutheran High Schl Orange Cnty,2222 N Santiago Blvd
2017-09-25,GA,Albany,Deerfield-Windsor High School,Deerfield-Windsor School,2500 Nottingham Way
2017-09-25,GA,Albany,Sherwood Christian Academy,Sherwood Christian Academy,1418 Old Pretoria Rd
2017-09-25,GA,Decatur,Southwest Dekalb High School,Southwest Dekalb High School,2863 Kelley Chapel Rd
2017-09-25,GA,Leesburg,Lee County High School,Lee County High School,1 Trojan Way
2017-09-25,GA,Lithonia,"Martin Luther King Jr, High School",Martin Luther King Jr High Sch,3991 Snapfinger Rd
2017-09-25,TN,Memphis,Christian Brothers High School,Christian Brothers High School,5900 Walnut Grove Rd
2017-09-25,TN,Memphis,MACN - Memphis Area College Night,Agricenter International RV Park,7777 Walnut Grove Rd
2017-09-25,TN,Memphis,Memphis University School,Memphis University School,6191 Park Ave
2017-09-25,TN,Memphis,White Station High School,White Station High School,514 S Perkins Rd
2017-09-25,TX,Austin,St Andrews Episcopal School Visit,St Andrews Episcopal School,5901 Southwest Pkwy
2017-09-25,TX,Round Rock,Round Rock ISD 2017 College Fair,Round Rock High School,201 Deepwood Drive
2017-09-25,VA,Alexandria,Thomas Jefferson HS Sci/Tec,Thomas Jefferson HS Sci/Tec,6560 Braddock Rd
2017-09-25,VA,Mclean,Langley High,Langley High School,6520 Georgetown Pike
2017-09-26,CA,La Canada,Flintridge Sacred Heart Academy,Flintridge Sacred Heart Acad,440 Saint Katherine Dr
2017-09-26,CA,Pasadena,Agbu Vatche Tamar Manoukian High School,Agbu Vatche Tamar Manoukian HS,2495 E Mountain St
2017-09-26,CA,Pasadena,Pasadena High School,Pasadena High School,2925 E Sierra Madre Blvd
2017-09-26,CA,Pasadena,Sequoyah School,Sequoyah School,301 N Orange Grove Blvd
2017-09-26,CA,San Marino,San Marino High School,San Marino High School,2701 Huntington Dr
2017-09-26,GA,Chula,Tift Area Academy,Tift Area Academy,PO Box 10
2017-09-26,GA,Morrow,PROBE Clayton County Fair at Clayton State University,Clayton State University,2000 Clayton State Blvd
2017-09-26,GA,Ocilla,Irwin County High School,Irwin County High School,149 Chieftain Cir
2017-09-26,GA,Tifton,Tift County High School,Tift County High School,1 Blue Devil Way
2017-09-26,MD,Rockville,Col. Zadok Magruder HS,Colonel Zadok Magruder HS,5939 Muncaster Mill Rd
2017-09-26,MD,Rockville,Richard Montgomery HS,Richard Montgomery High School,250 Richard Montgomery Dr
2017-09-26,MD,Rockville,Thomas Sprigg Wooton HS,Thomas Sprigg Wootton High School,2100 Wootton Pkwy
2017-09-26,TN,Collierville,St. George's Independent School,St Georges Independent School,1880 Wolf River Blvd
2017-09-26,TN,Memphis,An Evening with Colleges 2017,Hutchison School,1740 Ridgeway Rd
2017-09-26,TN,Memphis,Lausanne Collegiate School Mini College Fair,Lausanne Collegiate School,1381 W Massey Rd
2017-09-26,TX,Austin,Hills of Austin College Fair @ Lake Travis High School,Lake Travis High School,3324 Ranch Road 620 S
2017-09-26,TX,Austin,Hills of Austin College Fair @ St. Michael's Catholic Academy,Saint Michaels Catholic Acad,3000 Barton Creek Blvd
2017-09-26,TX,Austin,Hills of Austin College Fair @ Westlake High School,Westlake High School,4100 Westbank Dr
2017-09-26,TX,Austin,Lake Travis High School College Fair,Lake Travis High School,3324 Ranch Road 620 S
2017-09-26,VA,Arlington,Yorktown,Yorktown High School,5200 Yorktown Blvd
2017-09-27,CA,Newbury Park,CVUSD College & Career Information Night,Newbury Park High School,456 N Reino Rd
2017-09-27,GA,Alpharetta,Mount Pisgah Christian School,Mount Pisgah Christian School,9820 Nesbit Ferry Rd
2017-09-27,GA,Fairburn,Landmark Christian School,Landmark Christian School,50 SE Broad St
2017-09-27,GA,Moultrie,Colquitt County High School,Colquitt County High School,1800 Park Ave SE
2017-09-27,GA,Roswell,Centennial High School,Centennial High School,9310 Scott Rd
2017-09-27,GA,Roswell,Fellowship Christian School,Fellowship Christian School,10965 Woodstock Rd
2017-09-27,NC,Charlotte,Myers Park High School,Myers Park High School,2400 Colony Rd
2017-09-27,TN,Germantown,Houston High School,Houston High School,9755 Wolf River Blvd
2017-09-27,TN,Memphis,Saint Agnes Academy,Saint Agnes Academy,4830 Walnut Grove Rd
2017-09-27,TN,Memphis,Saint Mary's Episcopal School,Saint Marys Episcopal School,60 Perkins Ext
2017-09-27,TX,Austin,Austin High School Visit,Stephen F Austin High School,1715 W Cesar Chavez St
2017-09-27,TX,Houston,UGA & GT Student Workshop - Houston,Strake Jesuit College Prep,8900 Bellaire Blvd
2017-09-27,TX,Houston,UGA/GT Counselor Breakfast & Workshop - Houston,Ouisie's Table,3939 San Felipe St
2017-09-27,TX,Round Rock,Cedar Ridge High School Visit,Cedar Ridge High School,2801 Gattis School Rd
2017-09-28,CA,Irvine,Crean Lutheran High School College Fair,Crean Lutheran High School,12500 Sand Canyon Ave
2017-09-28,CA,Irvine,Northwood High School Visit,Northwood High School,4515 Portola Pkwy
2017-09-28,CA,Santa Ana,Foothill High School Visit,Foothill High School,19251 Dodge Ave
2017-09-28,CA,Tustin,Tustin High School,Tustin High School,1171 El Camino Real
2017-09-28,GA,Atlanta,North Springs & Riverwood College Night,Ridgeview Charter Middle School,5340 S Trimble Rd
2017-09-28,GA,East Point,Tri-Cities High School,Tri-Cities High School,2575 Harris St
2017-09-28,GA,Fairburn,Creekside High School,Creekside High School,7405 Herndon Rd
2017-09-28,GA,Hahira,Valwood School,Valwood School,4380 Old US 41 N
2017-09-28,GA,Hampton,Dutchtown High School Visit,Dutchtown High School,149 Mitchell Rd
2017-09-28,GA,Jonesboro,Mundy's Mill High School Visit,Mundys Mill High School,9652 Fayetteville Rd
2017-09-28,GA,Valdosta,Highland Christian Academy,Highland Christian Academy,2206 E Hill Ave
2017-09-28,GA,Valdosta,Lowndes High School,Lowndes High School,1606 Norman Dr
2017-09-28,GA,Valdosta,Open Bible Christian School,Open Bible Christian School,3992 N Oak Street Ext
2017-09-28,MD,Annapolis,Annapolis HS,Annapolis Senior High School,2700 Riva Rd
2017-09-28,NC,Charlotte,Ardrey Kell High School,Ardrey Kell High School,10220 Ardrey Kell Rd
2017-09-28,NC,Charlotte,Charlotte Country Day School,Charlotte Country Day School,1440 Carmel Rd
2017-09-28,TX,Dallas,Dallas Lutheran School Visit,Dallas Lutheran School,8494 Stults Rd
2017-09-28,TX,Dallas,Georgia Tech/UGA Workshop - Dallas,Saint Marks School Of Texas,10600 Preston Rd
2017-09-29,CA,Canyon Cntry,Canyon High School,Canyon High School,19300 Nadal St
2017-09-29,CA,Newhall,Hart High School,William S Hart High School,24825 Newhall Ave
2017-09-29,CA,Saugus,Saugus High School,Saugus High School,21900 Centurion Way
2017-09-29,GA,Ashburn,Turner County High School,Turner County High School,316 Lamar St
2017-09-29,GA,Atlanta,Westlake High School,Westlake High School,2400 Union Rd SW
2017-09-29,GA,College Park,Benjamin Banneker High School,Banneker High School,6015 Feldwood Rd
2017-09-29,GA,Fairburn,Langston Hughes High School,Langston Hughes High School,7510 Hall Rd
2017-09-29,GA,Hampton,Hampton High School Visit,Hampton High School,795 Hampton Locust Grove Rd
2017-09-29,GA,Mcdonough,Henry County High School Visit,Henry County High School,401 Tomlinson St
2017-09-29,GA,Mcdonough,Ola High School Visit,Ola High School,357 N Ola Rd
2017-09-29,GA,Nashville,Berrien High School,Berrien High School,500 E Smith Ave
2017-09-29,TX,Dallas,Georgia Tech/UGA Counselor Breakfast & Workshop - Dallas,Bread Winners Café & Bakery,8687 N Central Expy
2017-10-01,FL,St Petersburg,Bay Area Independent School (BAIS) 2017 College Fair,The Coliseum,535 4th Ave N
2017-10-01,NC,Durham,CACRAO - Durham Public Schools Fair,Northgate Mall,1058 W Club Blvd
2017-10-02,AL,Birmingham,John Carroll Catholic High School College Night,John Carroll Catholic HS,300 Lakeshore Pkwy
2017-10-02,CA,Los Angeles,Windward School,Windward School,11350 Palms Blvd
2017-10-02,DC,Washington,Saint Albans School College Mini-Fair,Saint Albans School,3001 Wisconsin Ave NW
2017-10-02,FL,Dover,Strawberry Crest High School,Strawberry Crest High School,4691 Gallagher Rd
2017-10-02,FL,St Petersburg,Shorecrest Preparatory School,Shorecrest Preparatory School,5101 1st St NE
2017-10-02,FL,Tampa,C. Leon King High School,C Leon King High School,6815 N 56th St
2017-10-02,FL,Tampa,Tampa Preparatory School,Tampa Preparatory School,727 W Cass St
2017-10-02,GA,Atlanta,Atlanta Girls School,Atlanta Girls School,3254 Northside Pkwy NW
2017-10-02,GA,Atlanta,Evening with UGA in Atlanta,The Loudermilk Conference Center,40 Courtland St NE
2017-10-02,GA,Atlanta,PROBE South Fulton Fair at Westlake High School,Westlake High School,2400 Union Rd SW
2017-10-02,GA,Atlanta,Saint Pius X Catholic High School,Saint Pius X Catholic High School,2674 Johnson Rd NE
2017-10-02,GA,Brookhaven,Marist School,Marist School,3790 Ashford Dunwoody Rd NE
2017-10-02,GA,Hampton,Lovejoy HS Visit,Lovejoy High School,1587 Mcdonough Rd
2017-10-02,GA,Jonesboro,Martha Stillwell School of the Arts Visit,Martha Ellen Stilwell School of the Arts,2580 Mount Zion Pkwy
2017-10-02,GA,Mcdonough,PROBE Henry County Fair at Henry County High School,Henry County High School,401 Tomlinson St
2017-10-02,GA,Sylvester,Worth County High School,Worth County High School,406 W King St
2017-10-02,MD,Olney,Our Lady of Good Counsel,Our Lady Of Good Counsel HS,17301 Old Vic Blvd
2017-10-02,NC,Greensboro,Early College at Guilford,Early College At Guilford,5608 W Friendly Ave
2017-10-02,NC,High Point,Westchester Country Day School,Westchester Country Day School,2045 N Old Greensboro Rd
2017-10-02,NC,Lewisville,Forsyth Country Day,Forsyth Country Day School,5501 Shallowford Rd
2017-10-02,NC,Winston Salem,CACRAO - Winston-Salem: Forsyth County Schools,M.C. Benton Jr. Convention Center,301 W 5th St
2017-10-02,NJ,Berkeley Hts,Livingston High School College Fair,Governor Livingston HS,175 Watchung Blvd
2017-10-02,TN,Knoxville,Knoxville Catholic High School 2017 College Fair,Knoxville Catholic High School,9245 Fox Lonas Rd
2017-10-02,TN,Oak Ridge,Oak Ridge High School College Fair,Oak Ridge High School,1450 Oak Ridge Tpke
2017-10-02,TX,Conroe,"Conroe, Montgomery and Willis ISD 2017 College Night",Lone Star Convention Center,9055 Airport Rd
2017-10-03,CA,Beverly Hills,Beverly Hills High School College Connections Fair,Beverly Hills High School,241 S Moreno Dr
2017-10-03,CA,Mission Viejo,Trabuco Hills 2017 High School College Fair,Trabuco Hills High School,27501 Mustang Run
2017-10-03,FL,Tampa,Academy Of The Holy Names,Academy Of The Holy Names,3319 Bayshore Bvld
2017-10-03,FL,Tampa,Berkeley Preparatory School,Berkeley Preparatory School,4811 Kelly Rd
2017-10-03,FL,Tampa,"Evening with UGA - Tampa, FL",Tampa Preparatory School,727 W Cass St
2017-10-03,FL,Tampa,H. B. Plant High School,H B Plant High School,2415 S Himes Ave
2017-10-03,FL,Tampa,Jesuit High School,Jesuit High School,4701 N Himes Ave
2017-10-03,FL,Tampa,T R Robinson High School,T R Robinson High School,6311 S Lois Ave
2017-10-03,GA,Atlanta,Benjamin E. Mays High School,Benjamin E Mays High School,3450 Benjamin E Mays Dr SW
2017-10-03,GA,Atlanta,D.M. Therrell High School,D M Therrell High School,3099 Panther Trl SW
2017-10-03,GA,Atlanta,KIPP Atlanta Collegiate HS,Kipp Atlanta Collegiate,98 Anderson Ave NW
2017-10-03,GA,Mcdonough,Eagle's Landing HS Visit,Eagles Landing High School,301 Tunis Rd
2017-10-03,GA,Mcdonough,Union Grove HS Visit,Union Grove High School,120 E Lake Rd
2017-10-03,GA,Stockbridge,Woodland High School Visit,Woodland High School,800 Moseley Dr
2017-10-03,GA,Thomasville,Brookwood School,Brookwood School,301 Cardinal Ridge Rd
2017-10-03,GA,Thomasville,Thomas County Central High School,Thomas County Central High School,4686 US Highway 84 Byp W
2017-10-03,GA,Thomasville,Thomasville High School,Thomasville High School,315 S Hansell St
2017-10-03,NC,Greensboro,CACRAO - Guilford County Schools,Greensboro Coliseum Complex,1921 W Gate City Blvd
2017-10-03,NC,Greensboro,Greensboro Day School,Greensboro Day School,5401 Lawndale Dr
2017-10-03,NC,Greensboro,Grimsley High School,Grimsley High School,801 Westover Ter
2017-10-03,NC,Greensboro,Page High School,Walter Hines Page High School,201 Alma Pinnix Dr
2017-10-03,NJ,Farmingdale,Howell High School,Howell High School,405 Squankum Yellowbrook Rd
2017-10-03,NJ,Manasquan,Manasquan High School's Post High School Education Night,Manasquan High School,167 Broad St
2017-10-03,NJ,Middletown,Middletown High School South,Middletown High School South,900 Nutswamp Rd
2017-10-03,NJ,Rumson,Rumson-Fair Haven High School,Rumson-Fair Haven Regional High School,74 Ridge Rd
2017-10-03,TN,Knoxville,Farragut High School College Night,Farragut High School,11237 Kingston Pike
2017-10-03,TX,Cypress,Cypress-Fairbanks ISD College Night @ Berry Center,Richard E Berry Center,8877 Barker Cypress Rd
2017-10-03,TX,Houston,Lamar High School College Night,Mirabeau B Lamar Sr High Sch,3325 Westheimer Rd
2017-10-03,VA,Mclean,Madeira School,Madeira School The,8328 Georgetown Pike
2017-10-03,VA,Mclean,The Potomac School,Potomac School,1301 Potomac School Rd
2017-10-04,CA,La Canada,St. Francis High School's Annual College Fair,Saint Francis High School,200 Foothill Blvd
2017-10-04,CA,Los Angeles,Loyola High School RACC Mini Fair,Loyola High School,1901 Venice Blvd
2017-10-04,DC,Washington,Mini College Fair at Georgetown Day School,Georgetown Day School,4200 Davenport St NW
2017-10-04,FL,Lakewood Rch,Out Of Door Academy,Out Of Door Academy High Sch,5950 Deer Dr
2017-10-04,FL,Osprey,Pine View School,Pine View School,1 Python Path
2017-10-04,FL,Sarasota,Riverview High School,Riverview High School,1 Ram Way
2017-10-04,GA,Atlanta,Ben Franklin Academy,Ben Franklin Academy,1585 Clifton Rd NE
2017-10-04,GA,Atlanta,Booker T. Washington,Booker T Washington HS,45 Whitehouse Dr SW
2017-10-04,GA,Atlanta,Holy Spirit Preparatory School,Holy Spirit Preparatory School,4465 Northside Dr NW
2017-10-04,GA,Atlanta,Maynard Holbrook Jackson HS,Maynard Holbrook Jackson High School,801 Glenwood Ave SE
2017-10-04,GA,Atlanta,South Atlanta High School,South Atlanta High School,800 Hutchens Rd SE
2017-10-04,GA,Bainbridge,Grace Christian Academy,Grace Christian Academy,1302 Lake Douglas Rd
2017-10-04,GA,Cairo,Cairo High School,Cairo High School,455 5th St SE
2017-10-04,GA,Donalsonville,Seminole County Middle/High School,Seminole Cty Middle/HS,5582 Highway 39
2017-10-04,GA,Marietta,Lassiter High School,Lassiter High School,2601 Shallowford Rd
2017-10-04,MD,Baltimore,Mount de Sales Academy & Mount Saint Joseph High School College Fair,Mount Saint Joseph High School,4403 Frederick Ave
2017-10-04,NC,Charlotte,Charlotte Latin School,Charlotte Latin School,9502 Providence Rd
2017-10-04,NC,Charlotte,Providence Day School,Providence Day School,5800 Sardis Rd
2017-10-04,NC,Charlotte,Providence High School,Providence High School,1800 Pineville Matthews Rd
2017-10-04,NC,Matthews,Weddington High School,Weddington High School,4901 Weddington Rd
2017-10-04,NJ,Lincroft,Christian Brothers Academy,Christian Brothers Academy,850 Newman Springs Rd
2017-10-04,NJ,Middletown,Mater Dei Prep High School,Mater Dei Prep,538 Church St
2017-10-04,NJ,Rumson,"Evening with UGA - Rumson, NJ",Rumson-Fair Haven Regional High School,74 Ridge Rd
2017-10-04,TN,Knoxville,Webb School College Fair,Webb School Of Knoxville,9800 Webb School Ln
2017-10-04,TX,Richmond,Fort Bend ISD College Night @ Travis High School,William B Travis High School,11111 Harlem Rd
2017-10-05,CA,Rsm,Santa Margarita Catholic High School Annual College Fair,Santa Margarita Catholic HS,22062 Antonio Pkwy
2017-10-05,CA,Santa Ana,Nova Academy College & Career Fair,Nova Academy Early College HS,2609 W 5th St
2017-10-05,FL,Naples,Barron Collier High School,Barron Collier High School,5600 Cougar Dr
2017-10-05,FL,Naples,Community School of Naples,Community School Of Naples,13275 Livingston Rd
2017-10-05,GA,Atlanta,Best Academy/Coretta Scott King Women's Leadership Academy,Coretta Scott King Womens High School,1190 Northwest Dr NW
2017-10-05,GA,Atlanta,Carver High School/Carver Early College Visit,Carver High School,55 Mcdonough Blvd SE
2017-10-05,GA,Atlanta,Frederick Douglass High School,Frederick Douglass High School,225 Hamilton E Holmes Dr NW
2017-10-05,GA,Bainbridge,Bainbridge High School,Bainbridge High School,1 Bearcat Blvd
2017-10-05,GA,Camilla,Westwood School,Westwood School,PO Box 528
2017-10-05,MD,Severna Park,Severn School,Severn School,201 Water St
2017-10-05,MD,Severna Park,Severna Park HS,Severna Park Senior HS,60 Robinson Rd
2017-10-05,NC,Charlotte,CACRAO - Charlotte: Mecklenburg County Schools,Charlotte Convention Center,501 S College St
2017-10-05,NJ,Basking Ridge,Ridge High School,Ridge High School,268 S Finley Ave
2017-10-05,NJ,Little Silver,Red Bank Regional High School,Red Bank Regional High School,101 Ridge Rd
2017-10-05,NJ,West Orange,Seton Hall Preparatory School's College Representatives Night,Seton Hall Preparatory School,120 Northfield Ave
2017-10-06,FL,Jacksonville,Episcopal School of Jacksonville,Episcopal School of Jacksonville,4455 Atlantic Blvd
2017-10-06,GA,Atlanta,The Westminster Schools,The Westminster Schools,1424 W Paces Ferry Rd NW
2017-10-06,GA,Blakely,Early County High School College Fair,Early County High School,12020 Columbia St
2017-10-06,GA,College Park,Woodward Academy,Woodward Academy,1662 Rugby Ave
2017-10-06,GA,Damascus,Southwest Georgia Academy,Southwest Georgia Academy,14105 Ga Highway 200
2017-10-06,GA,Norcross,Greater Atlanta Christian School,Greater Atlanta Christian School,1575 Indian Trail Rd
2017-10-06,NJ,Bridgewater,Bridgewater-Raritan Regional HS,Bridgewater-Raritan Rgnl HS,600 Garretson Rd
2017-10-06,NJ,Summit,Summit High School,Summit High School,125 Kent Place Blvd
2017-10-06,NJ,Westfield,Westfield High School,Westfield High School,550 Dorian Rd
2017-10-09,CA,Malibu,Malibu High School,Malibu High School,30215 Morning View Dr
2017-10-09,CA,Pacific Plsds,Palisades High School College Fair,Palisades Charter High School,15777 Bowdoin St
2017-10-09,CA,Santa Monica,Santa Monica High School,Santa Monica High School,601 Pico Blvd
2017-10-09,FL,Windermere,Windermere Preparatory School,Windermere Preparatory School,6189 Winter Garden Vineland Rd
2017-10-09,FL,Winter Garden,West Orange High School,West Orange High School,1625 Beulah Rd
2017-10-09,FL,Winter Park,Trinity Preparatory School,Trinity Preparatory School,5700 Trinity Prep Ln
2017-10-09,GA,Atlanta,Atlanta International School,Atlanta International School,2890 N Fulton Dr NE
2017-10-09,GA,Atlanta,Galloway School,Galloway School,215 W Wieuca Rd NW
2017-10-09,GA,Atlanta,Paideia School,Paideia School,1509 Ponce De Leon Ave NE
2017-10-09,GA,Statesboro,Statesboro High School,Statesboro High School,10 Lester Rd
2017-10-09,KY,Louisville,Sacred Heart Academy,Sacred Heart Academy,3175 Lexington Rd
2017-10-09,MD,Kensington,Albert Einstein High School's 18th Annual College Fair,Albert Einstein High School,11135 Newport Mill Rd
2017-10-09,NJ,Hillsborough,Hillsborough High School,Hillsborough High School,466 Raider Blvd
2017-10-09,NJ,Monmouth Jct,South Brunswick High School,South Brunswick High School,750 Ridge Rd
2017-10-09,NJ,Monroe Twp,Monroe Township High School,Monroe Township High School,200 Schoolhouse Rd
2017-10-09,SC,Hartsville,South Carolina Governor's School for Science and Mathematics,Governor School Science,401 Railroad Ave
2017-10-09,TX,Houston,Westside High School College Fair,Westside High School,14201 Briar Forest Dr
2017-10-10,CA,Los Angeles,Immaculate Heart High School,Immaculate Heart High School,5515 Franklin Ave
2017-10-10,CA,Los Angeles,Marlborough High School,Marlborough School,250 S Rossmore Ave
2017-10-10,CA,Rosemead,Don Bosco Technical Institute College Fair,Don Bosco Technical Institute,1151 San Gabriel Blvd
2017-10-10,FL,Orlando,Bishop Moore High School,Bishop Moore High School,3901 Edgewater Dr
2017-10-10,FL,Orlando,Lake Highland Preparatory School,Lake Highland Preparatory Scho,901 Highland Ave
2017-10-10,FL,Orlando,William R Boone High School,William R Boone High School,1000 E Kaley St
2017-10-10,FL,Winter Park,Winter Park High School,Winter Park High School,2100 Summerfield Rd
2017-10-10,GA,Alpharetta,PROBE Atlanta North Fair at North Point Mall,North Point Mall,1000 N Point Cir
2017-10-10,GA,Dunwoody,Dunwoody High School,Dunwoody High School,5035 Vermack Rd
2017-10-10,GA,Jefferson,Jackson County Comprehensive High School,Jackson County Comprehensive High School,1668 Winder Hwy
2017-10-10,GA,Sandersville,Brentwood School,Brentwood School,725 Linton Rd
2017-10-10,GA,Sandy Springs,Riverwood International Charter,Riverwood International Charter School,5900 Raider Dr
2017-10-10,GA,Statesboro,Bulloch Academy,Bulloch Academy,873 Westside Rd
2017-10-10,NJ,Allendale,Northern Highlands Regional HS,Northern Highlands Regional HS,298 Hillside Ave
2017-10-10,NJ,Millburn,Millburn High School,Millburn High School,462 Millburn Ave
2017-10-10,NJ,Morristown,"Evening with UGA - Morristown, NJ",Morristown High School,50 Early St
2017-10-10,NJ,Randolph,Randolph High School,Randolph High School,511 Millbrook Ave
2017-10-10,TX,Houston,Emory Weiner High School Visit,Emery Weiner School,9825 Stella Link Rd
2017-10-10,TX,Houston,Memorial Senior High School Visit,Memorial Senior High School,935 Echo Ln
2017-10-10,TX,Houston,Spring Branch ISD College Night,Spring Woods Senior HS,2045 Gessner Rd
2017-10-10,VA,Fairfax,"VACRAO - George Mason University, Northern Virginia College Fair",George Mason University,4500 Patriot Circle
2017-10-11,CA,Brea,Brea Olinda High School,Brea Olinda High School,789 Wildcat Way
2017-10-11,CA,Corona,Santiago High School College Fair,Santiago High School,1395 Foothill Pkwy
2017-10-11,CA,Placentia,El Dorado High School,El Dorado High School,1651 Valencia Ave
2017-10-11,FL,Saint Johns,Creekside High School,Creekside High School,100 Knights Ln
2017-10-11,TX,Katy,Katy ISD College and Career Night,Leonard E. Merrell Center,6301 S Stadium Ln
2017-10-11,TX,Missouri City,Elkins High School Visit,Elkins High School,7007 Knights Ct
2017-10-11,VA,Alexandria,VACRAO - Episcopal High School College Fair,Episcopal High School,1200 N Quaker Ln
2017-10-12,CA,Newport Beach,Newport Harbor High School,Newport Harbor High School,600 Irvine Ave
2017-10-12,CA,Riverside,Martin Luther King High School,Martin Luther King High School,9301 Wood Rd
2017-10-12,CA,San Juan Capo,JSerra Catholic High School Annual College Fair,Jserra Catholic High School,26351 Junipero Serra Rd
2017-10-12,CO,Aurora,Regis Jesuit High School Boys,Regis Jesuit High School Boys,6400 S Lewiston Way
2017-10-12,CO,Greenwood Vlg,Cherry Creek High School,Cherry Creek High School,9300 E Union Ave
2017-10-12,FL,Jacksonville,Stanton College Preparatory School,Stanton College Prep School,1149 W 13th St
2017-10-12,FL,Jacksonville,The Bolles School,The Bolles School,7400 San Jose Blvd
2017-10-12,FL,Orange Park,Saint Johns Country Day School,Saint Johns Country Day School,3100 Doctors Lake Dr
2017-10-12,FL,Ponte Vedra,Ponte Vedra High School,Ponte Vedra High School,460 Davis Park Rd
2017-10-12,GA,Cumming,Pinecrest Academy,Pinecrest Academy,955 Peachtree Pwky
2017-10-12,GA,Cumming,PROBE Forsyth County Fair at Lanier Tech Conference Center,Forsyth Conference Center at Lanier Technical College,3410 Ronald Reagan Blvd
2017-10-12,GA,Mableton,Whitefield Academy,Whitefield Academy,1 Whitefield Dr SE
2017-10-12,GA,Marietta,PROBE Cobb County Fair at Marietta High School,Marietta High School,1171 Whitlock Ave SW
2017-10-12,GA,Suwanee,Lambert High School,Lambert High School,805 Nichols Rd
2017-10-12,IL,Highland Park,Highland Park High School,Highland Park High School,433 Vine Ave
2017-10-12,IL,Lincolnshire,Adlai Stevenson High School,Adlai E Stevenson High School,1 Stevenson Dr
2017-10-12,IL,Mt Prospect,Mt. Prospect High School,Prospect High School,801 W Kensington Rd
2017-10-12,TX,Bellaire,Houston ISD College Fair @ Bellaire High School,Bellaire Senior High School,5100 Maple St
2017-10-12,TX,Houston,Duchesne High School Visit,Duchesne Academy Sacred Heart,10202 Memorial Dr
2017-10-12,TX,Houston,Houston Catholic High Schools 2017 College Fair,Strake Jesuit College Prep,8900 Bellaire Blvd
2017-10-12,TX,Sugar Land,Clements High School Visit,William P Clements High School,4200 Elkins Rd
2017-10-12,VA,Alexandria,St. Stephens and St Agnes,St Stephens and St Agnes School,1000 Saint Stephens Rd
2017-10-12,VA,Alexandria,TC Williams High School,T C Williams High School,3330 King St
2017-10-13,FL,Ponte Vedra,Allen D Nease High School,Allen D Nease High School,10550 Ray Rd
2017-10-13,FL,Saint Johns,Bartram Trail High School,Bartram Trail High School,7399 Longleaf Pine Pkwy
2017-10-13,FL,St Augustine,St. Joseph Academy,Saint Joseph Academy,155 State Road 207
2017-10-13,IL,Hinsdale,Hinsdale High School,Hinsdale Central High School,55th And Grant  Rm #113
2017-10-13,IL,La Grange,Lyons Township High School,Lyons Township High School,100 S Brainard Ave
2017-10-13,IL,Palatine,WM Fremd High School,William Fremd High School,1000 S Quentin Rd
2017-10-14,FL,Jacksonville,NACAC Jacksonville National College Fair,Prime F. Osborn III Convention Center,1000 Water St
2017-10-14,IL,Chicago,NACAC Chicago National College Fair,McCormick Place,2301 S King Dr
2017-10-15,CA,El Segundo,Vistamar School Multicultural Student College Fair,Vistamar School,737 Hawaii St
2017-10-15,FL,Miami,AIMS (Association of Independent Miami Schools) College Fair,Hilton Miami Airport Hotel,5101 Blue Lagoon Dr
2017-10-15,VA,Fairfax,VACRAO - Fairfax County College Fair,Fair Oaks Mall,11750 Fair Oaks Mall
2017-10-16,CA,Anaheim,Tri-School College Night: Servite - Rosary - Connelly,Servite High School,1952 W La Palma Ave
2017-10-16,DE,Claymont,Archmere Academy,Archmere Academy,3600 Philadelphia Pike
2017-10-16,FL,Davie,Nova High School,Nova High School,3600 College Ave
2017-10-16,FL,Ft Lauderdale,Pine Crest Invitational College Fair,Pine Crest School,1501 NE 62nd St
2017-10-16,FL,Parkland,Marjory Stoneman Douglas High School,Marjory Stoneman Douglas HS,5901 Pine Island Rd
2017-10-16,GA,Atlanta,Atlanta Jewish Academy,Atlanta Jewish Academy,3130 Raymond Dr
2017-10-16,GA,Atlanta,Lakeside High School's 2017 Fall College Fair,Lakeside High School,3801 Briarcliff Rd NE
2017-10-16,GA,Decatur,Decatur High School,Decatur High School,310 N Mcdonough St
2017-10-16,NV,Las Vegas,Bishop Gorman High School Annual College Fair,Bishop Gorman High School,5959 S Hualapai Way
2017-10-16,VA,Alexandria,VACRAO - Fairfax County College Night,Hayfield Secondary School,7630 Telegraph Rd
2017-10-17,CA,Huntingtn Bch,Huntington Beach High School,Huntington Beach High School,1905 Main St
2017-10-17,CA,Newport Beach,Corona Del Mar High School RACC Mini Fair,Corona Del Mar High School,2101 Eastbluff Dr
2017-10-17,CA,Newport Beach,Pacifica Christian Orange County High School,Pacifica Christian HS - Orange County,883 W 15th St
2017-10-17,FL,Boca Raton,Spanish River Community High School,Spanish River Community HS,5100 Jog Rd
2017-10-17,FL,Davie,NSU University School,University School Of Nsu,3375 SW 75th Ave
2017-10-17,FL,Plantation,"American Heritage School (Plantation, FL)",American Heritage School,12200 W Broward Blvd
2017-10-17,FL,Riviera Beach,Suncoast Community High School's 7th Annual College Fair,Suncoast Community High School,1717 Avenue S
2017-10-17,GA,Augusta,Westminster Schools Of Augusta,Westminster Schools Of Augusta,3067 Wheeler Rd
2017-10-17,GA,Bogart,North Oconee High School Dual Enrollment Parent Night,North Oconee High School,1081 Rocky Branch Rd
2017-10-17,GA,Commerce,East Jackson Comprehensive High School,East Jackson Comprehensive High School,1435 Hoods Mill Rd
2017-10-17,GA,Evans,Greenbrier High School,Greenbrier High School,5114 Riverwood Pkwy
2017-10-17,GA,Grovetown,Grovetown High School,Grovetown High School,2010 Warrior Way
2017-10-17,GA,Harlem,Harlem High School,Harlem High School,1070 Appling Harlem Rd
2017-10-17,GA,Winder,Apalachee High School,Apalachee High School,940 Haymon Morris Rd
2017-10-17,OH,Mason,Mason High School College Visit Night,William Mason High School,6100 S Mason Montgomery Rd
2017-10-18,CA,Costa Mesa,Newport-Mesa Unified School District's College & Career Night,OC Fair & Event Center,88 Fair Dr
2017-10-18,CA,Mission Viejo,Trabuco Hills High School,Trabuco Hills High School,27501 Mustang Run
2017-10-18,CA,Rcho Sta Marg,Tesoro High School RACC Mini Fair,Tesoro High School,1 Tesoro Creek Rd
2017-10-18,FL,West Palm Bch,Oxbridge Academy,Oxbridge Academy-Palm Beaches,3151 N Military Trl
2017-10-18,GA,Atlanta,The Weber School,The Weber School,6751 Roswell Rd
2017-10-18,GA,Greensboro,Lake Oconee Academy Junior/Senior College & Career Parent Night,Lake Oconee Academy,1021 Titan Cir
2017-10-18,GA,Johns Creek,Chattahoochee High School,Chattahoochee High School,5230 Taylor Rd
2017-10-18,GA,Savannah,Herschel Jenkins High School,Herschel Jenkins High School,1800 E De Renne Ave
2017-10-18,GA,Savannah,PROBE Savannah Fair at Oglethorpe Mall,Oglethorpe Mall,7804 Abercorn St
2017-10-18,GA,Savannah,Savannah Arts Academy,Savannah Arts Academy,500 Washington Ave
2017-10-18,GA,Savannah,Sol C Johnson High School,Sol C Johnson High School,3012 Sunset Blvd
2017-10-18,OH,Blue Ash,Ursuline Academy,Ursuline Academy,5535 Pfeiffer Rd
2017-10-18,OH,Cincinnati,Cincinnati Hills Christian Academy,Cincinnati Hills Chrstn Acad,11525 Snider Rd
2017-10-18,OH,Cincinnati,Indian Hill High School,Indian Hill High School,6845 Drake Rd
2017-10-18,OH,Loveland,Loveland,Loveland High School,1 Tiger Trl
2017-10-18,PA,Gibsonia,Pine-Richland High School,Pine-Richland High School,700 Warrendale Rd
2017-10-18,VA,Fredericksbrg,VACRAO - King George High School College Fair,Spotsylvania Towne Centre,137 Spotsylvania Mall
2017-10-19,CA,San Diego,Canyon Crest Academy,Canyon Crest Academy,5951 E Village Center Loop Rd
2017-10-19,CA,San Diego,Cathedral Catholic College Fair,Cathedral Catholic H S,5555 Del Mar Heights Rd
2017-10-19,CA,San Diego,Del Norte High School,Del Norte High School,16601 Night Hawk Ln
2017-10-19,CA,San Diego,Rancho Bernardo High School,Rancho Bernardo High School,13010 Paseo Lucido
2017-10-19,CA,Solana Beach,Santa Fe Christian School,Santa Fe Christian School,838 Academy Dr
2017-10-19,GA,Flowery Br,Flowery Branch High School,Flowery Branch High School,6603 Spout Springs Rd
2017-10-19,GA,Guyton,South Effingham High School,South Effingham High School,1220 Noel C Conaway Rd
2017-10-19,GA,Savannah,Savannah Christian Prep Sch,Savannah Christian Prep Sch,1599 Chatham Pkwy
2017-10-19,GA,Springfield,Effingham County High School,Effingham County High School,1589 Highway 119 S
2017-10-19,OH,Columbus,Bishop Watterson High School,Bishop Watterson High School,99 E Cooke Rd
2017-10-19,OH,Dublin,Dublin Jerome High School,Dublin Jerome High School,8300 Hyland Croy Rd
2017-10-19,OH,New Albany,New Albany High School,New Albany High School,7600 Fodor Rd
2017-10-19,OH,Upper Arlngtn,Upper Arlington High School,Upper Arlington High School,1650 Ridgeview Rd
2017-10-19,TN,Chattanooga,Baylor School,Baylor School,171 Baylor School Rd
2017-10-19,TN,Chattanooga,Chattanooga Christian School Mini-Fair,Chattanooga Christian School,3354 Charger Dr
2017-10-19,TN,Chattanooga,Notre Dame High School,Notre Dame High School,2701 Vermont Ave
2017-10-19,TN,Ooltewah,East Hamilton High School,East Hamilton School,2015 Ooltewah Ringgold Rd
2017-10-20,CA,Carlsbad,La Costa Canyon High School,La Costa Canyon High School,1 Maverick Way
2017-10-20,CA,Carlsbad,Sage Creek High School Visit,Sage Creek High School,3900 Cannon Rd
2017-10-20,CA,San Diego,Torrey Pines High School,Torrey Pines High School,3710 Del Mar Heights Rd
2017-10-20,GA,Atlanta,Druid Hills High School College Fair,Druid Hills High School,1798 Haygood Dr NE
2017-10-20,OH,Chagrin Falls,Chagrin Falls High School,Chagrin Falls High School,400 E Washington St
2017-10-20,OH,Hudson,Hudson High School,Hudson High School,2500 Hudson Aurora Rd
2017-10-20,OH,Kent,Theodore Roosevelt High School,Theodore Roosevelt High School,1400 N Mantua St
2017-10-20,OH,Solon,Solon High School,Solon High School,33600 Inwood Dr
2017-10-21,CA,San Diego,Explore Solutions' Fall College Showcase,Town and Country San Diego,500 Hotel Cir N
2017-10-22,OH,Cincinnati,NACAC Cincinnati National College Fair,Duke Energy Convention Center,525 Elm St
2017-10-23,GA,Atlanta,"UCAAN Information Session in Atlanta with UChicago, Purdue, Georgia Tech, and UGA",Ferst Center For The Arts,350 Ferst Drive Northwest
2017-10-23,TX,Haslet,2017 Northwest ISD College and Career Fair,V.R. Eaton High School,1350 Eagle Blvd
2017-10-23,VA,Chesapeake,Chesapeake Public Schools Annual College Fair,Indian River High School,1969 Braves Trl
2017-10-24,CA,Azusa,Azusa High School/Azusa USD College Fair,Azusa High School,240 N Cerritos Ave
2017-10-24,FL,Niceville,Okaloosa and Walton County College Night,Northwest Fl St College,100 College Blvd E
2017-10-24,GA,Clarkston,Clarkston High School College Fair,Clarkston High School,618 N Indian Creek Dr
2017-10-24,GA,Lithonia,Arabia Mountain High School,Arabia Mountain High School,6610 Browns Mill Rd
2017-10-24,GA,Norman Park,PROBE - Colquitt County Fair,Colquitt County High School,105 Darbyshire Rd
2017-10-24,TX,Lucas,Lovejoy High School Visit,Lovejoy High School,2350 Estates Pkwy
2017-10-24,TX,Westlake,Westlake Academy College Day,Westlake Academy,2600 J T Ottinger Rd
2017-10-24,VA,Newport News,Hampton Roads Academy,Hampton Roads Academy,739 Academy Ln
2017-10-24,VA,Norfolk,Norfolk Collegiate,Norfolk Collegiate School,7336 Granby St
2017-10-24,VA,Suffolk,Nansemond-suffolk Academy,Nansemond-Suffolk Academy,3373 Pruden Blvd
2017-10-24,VA,Virginia Bch,Virginia Beach City Public School's College Information Program,Virginia Beach Convention Center,1000 19th St
2017-10-25,CA,Newport Coast,Sage Hill School,Sage Hill School,20402 Newport Coast Dr
2017-10-25,CA,San Juan Capo,JSerra Catholic High School,Jserra Catholic High School,26351 Junipero Serra Rd
2017-10-25,CA,San Juan Capo,San Juan Hills High School,San Juan Hills High School,29211 Stallion Rdg
2017-10-25,DE,Wilmington,Salesianum School,Salesianum School,1801 N Broom St
2017-10-25,GA,Kennesaw,Harrison High School,Harrison High School,4500 Due West Rd NW
2017-10-25,GA,Marietta,Wheeler High School,Wheeler High School,375 Holt Rd NE
2017-10-25,GA,Tifton,PROBE - Tift County Fair,Tift County High School,1 Blue Devil Way
2017-10-25,MD,Annapolis,Broadneck High School College Fair,Broadneck High School,1265 Green Holly Dr
2017-10-25,TX,Fort Worth,TACRAO - R.L Paschal High School College Fair,Robert L Paschal High School,3001 Forest Park Blvd
2017-10-25,TX,Southlake,Carroll ISD College Fair@Carroll Sr. High School,Carroll Senior High School,1501 W Southlake Blvd
2017-10-26,CA,Santa Ana,Mater Dei High School,Mater Dei High School,1202 W Edinger Ave
2017-10-26,CA,Santa Ana,OC School of the Arts Fair,Orange County Sch Of The Arts,1010 N Main St
2017-10-26,CA,Yorba Linda,Placentia-Yorba Linda Unified School District (PYLUSD) College Fair,Yorba Linda Community Center,4501 Casa Loma Ave
2017-10-26,DC,Washington,British School,British School Of Washington,2001 Wisconsin Ave NW
2017-10-26,GA,Decatur,Columbia High School College Fair,Columbia,2106 Columbia Dr
2017-10-26,GA,Macon,College & Career Fest 2017: Pathways to Success,Anderson Conference Center,5171 Eisenhower Pkwy
2017-10-26,GA,Madison,Morgan County High School,Morgan County High School,1231 College Dr
2017-10-26,GA,Perry,Perry High School,Perry High School,1307 North Ave
2017-10-26,IL,Barrington,Barrington High School,Barrington Community High Schl,616 W Main St
2017-10-26,IL,Chicago,"UCAAN Information Session in Chicago with UChicago, Purdue, Georgia Tech, and UGA",Mandel Hall,1131 E 57th St
2017-10-26,IL,Winnetka,New Trier Township High School,New Trier High School,385 Winnetka Ave
2017-10-26,OK,Edmond,Edmond North High School Visit,Edmond North High School,215 W Danforth Rd
2017-10-26,OK,Oklahoma City,Bishop Mcguinness High School Visit,Bishop Mcguinness High School,801 NW 50th St
2017-10-26,OK,Oklahoma City,Casady School Visit,Casady School,9500 N Pennsylvania Ave
2017-10-26,OK,Oklahoma City,Classen School of Advanced Studies Visit,Classen Sch Advanced Studies,1901 N Ellison Ave
2017-10-26,OK,Oklahoma City,Heritage Hall Visit,Heritage Hall,1800 NW 122nd St
2017-10-26,OK,Oklahoma City,Oklahoma School of Science and Math High School Visit,Oklahoma School Of Science And Mathematics,1141 N Lincoln Blvd
2017-10-26,PA,Kennett Sq,Unionville High School,Unionville High School,750 Unionville Rd
2017-10-27,GA,Decatur,DeKalb County School? District? College? Fair,Georgia State University- Perimeter College,3251 Panthersville Rd
2017-10-27,IL,Aurora,Waubonsie Valley High School,Waubonsie Valley High School,2590 Ogden Ave
2017-10-27,IL,Glenview,Glenbrook South High School,Glenbrook South High School,4000 W Lake Ave
2017-10-27,IL,Naperville,Naperville North High School,Naperville North High School,899 N Mill St
2017-10-27,OK,Tulsa,Bishop Kelly Visit,Bishop Kelley High School,3905 S Hudson Ave
2017-10-27,OK,Tulsa,Booker T Washington High School Visit,Booker T Washington HS,1514 E Zion St
2017-10-27,OK,Tulsa,Cascia Hall Preparatory School Visit,Cascia Hall Preparatory School,2520 S Yorktown Ave
2017-10-27,OK,Tulsa,Holland Hall School Visit,Holland Hall School,5666 E 81st St Uppr School
2017-10-28,GA,Marietta,Cathedral of Turner Chapel AME College Fair,Cathedral of Turner Chapel AME Church,492 N Marietta Pkwy NE
2017-10-30,CA,Mission Viejo,CUSD 2017 Fall College Fair@Capistrano Valley High School,Capistrano Valley High School,26301 Via Escolar
2017-10-30,SC,Hilton Head,Hilton Head Preparatory School's College Fair,Hilton Head Preparatory School,8 Fox Grape Rd
2017-10-30,SC,N Charleston,Charleston County Consolidated Afternoon Program - CACRAO,North Charleston Coliseum & Performing Arts Center,5001 Coliseum Dr
2017-10-30,SC,N Charleston,Charleston County Consolidated Morning Fair,North Charleston Coliseum & Performing Arts Center,5001 Coliseum Dr
2017-10-30,TX,Boerne,Boerne ISD TACRAO College Fair,Boerne Samuel V Champion HS,201 Charger Blvd
2017-10-30,TX,San Antonio,Ronald Reagan High School Visit,Ronald Reagan High School,19000 Ronald Reagan
2017-10-30,TX,San Antonio,Saint Mary's School Visit,Saint Marys Hall,9401 Starcrest Dr
2017-10-30,TX,San Antonio,TACRAO - Alamo Heights ISD College Fair,Alamo Heights High School,6900 Broadway St
2017-10-31,GA,Atlanta,Atlanta International School,Atlanta International School,2890 N Fulton Dr NE
2017-10-31,SC,Charleston,James Island Charter High School,James Island Charter HS,1000 Fort Johnson Rd
2017-10-31,SC,Summerville,CACRAO - Ashley Ridge High School College Fair,Ashley Ridge High School,9800 Delemar Hwy
2017-10-31,SC,Summerville,Pinewood Preparatory School,Pinewood Preparatory School,1114 Orangeburg Rd
2017-11-01,CA,Los Angeles,Notre Dame Academy Visit,Notre Dame Academy,2851 Overland Ave
2017-11-01,GA,Atlanta,Georgia Cyber Academy,Georgia Cyber Academy,1745 Phoenix Blvd Ste 100
2017-11-01,GA,Augusta,Academy of Richmond County,Academy Of Richmond County,910 Russell St
2017-11-01,GA,Augusta,John S Davidson Fine Arts School,John S Davidson Fine Arts School,615 12th St
2017-11-01,GA,Conyers,Heritage HS Visit,Heritage High School,2400 Granade Rd SW
2017-11-01,GA,Conyers,Salem HS Visit,Salem High School,3551 Underwood Rd SE
2017-11-01,GA,Covington,PROBE Newton County Fair at Alcovy High School,Alcovy High School,14567 Highway 36
2017-11-01,GA,Evans,Lakeside High School,Lakeside High School,533 Blue Ridge Dr
2017-11-01,GA,Madison,PROBE Morgan County Fair at Morgan County High School,Morgan County High School,1231 College Dr
2017-11-01,GA,Martinez,Augusta Preparatory Day School,Augusta Preparatory Day School,285 Flowing Wells Rd
2017-11-01,MD,Baltimore,Kenwood High School's 10th Annual College Fair,Kenwood High,501 Stemmers Run Rd
2017-11-01,PA,Berwyn,Conestoga High School,Conestoga High School,200 Irish Rd
2017-11-01,SC,Daniel Island,Bishop England High School,Bishop England High School,363 Seven Farms Dr
2017-11-01,SC,Mt Pleasant,CACRAO - Wando High School College Fair,Wando High School,1000 Warrior Way
2017-11-01,SC,Mt Pleasant,Wando High School,Wando High School,1000 Warrior Way
2017-11-02,CA,Aliso Viejo,Aliso Niguel High School,Aliso Niguel High School,28000 Wolverine Way
2017-11-02,CA,Downey,Downey Unifed School District College Fair,Warren High School,8141 De Palma St
2017-11-02,CA,Irvine,Tarbut V'Torah Upper School,Tarbut V Torah Comm Day School,5 Federation Way
2017-11-02,CA,Irvine,Woodbridge High School,Woodbridge High School,2 Meadowbrook
2017-11-02,CA,San Juan Capo,St. Margaret's Episcopal School,Saint Margarets Episcopal Sch,31641 La Novia Ave
2017-11-02,GA,Commerce,PROBE Jackson County Fair at East Jackson High School,East Jackson Comprehensive High School,1435 Hoods Mill Rd
2017-11-02,GA,Decatur,Southwest Dekalb,Southwest Dekalb High School,2863 Kelley Chapel Rd
2017-11-02,GA,Hampton,Dutchtown High School College Fair,Dutchtown High School,149 Mitchell Rd
2017-11-02,GA,Lawrenceville,Archer High School Visit,Archer High School,2255 New Hope Rd
2017-11-02,GA,Lawrenceville,Mountain View High School Visit,Mountain View High School,2351 Sunny Hill Rd
2017-11-02,GA,Lilburn,Parkview High School Visit,Parkview High School,998 Cole Dr SW
2017-11-02,GA,Locust Grove,Locust Grove High School Visit,Locust Grove High School,3275 S Ola Rd
2017-11-02,GA,Snellville,PROBE Gwinnett South Fair at Brookwood High School,Brookwood High School,1255 Dogwood Rd
2017-11-02,NJ,Summit,Summit High School College Night,Summit High School,125 Kent Place Blvd
2017-11-02,PA,Reading,Berks Catholic High School,Berks Catholic High School,955 E Wyomissing Blvd
2017-11-02,SC,Charleston,Ashley Hall,Ashley Hall,172 Rutledge Ave
2017-11-02,SC,Charleston,Porter-Gaud School,Porter-Gaud School,300 Albemarle Rd
2017-11-02,SC,N Charleston,Academic Magnet School,Academic Magnet High School,5109A W Enterprise St
2017-11-03,GA,Hoschton,Mill Creek High School Visit,Mill Creek High School,4400 Braselton Hwy
2017-11-03,GA,Suwanee,North Gwinnett High School Visit,North Gwinnett High School,20 Level Creek Rd
2017-11-03,TX,Allen,Allen High School Counselor Update,Allen High School,300 Rivercrest Blvd
2017-11-06,CA,Los Angeles,New West Charter School,New West Charter School,1905 Armacost Ave
2017-11-06,CA,Tustin,Tustin Unified College Fair,Tustin High School,1171 El Camino Real
2017-11-06,GA,Bellville,Pinewood Christian Academy College Fair,Pinewood Christian Academy,PO Box 7
2017-11-06,PA,Pittsburgh,Fox Chapel Area High School,Fox Chapel Area High School,611 Field Club Rd
2017-11-07,DE,Wilmington,The Tatnall School,The Tatnall School,1501 Barley Mill Rd
2017-11-07,GA,Watkinsville,Oconee County Chamber of Commerce Scholarship Fair,Oconee County Civic Center,2661 Hog Mountain Rd
2017-11-07,PA,Villanova,Academy Of Notre Dame De Namur,Academy Of Notre Dame De Namur,560 Sproul Rd
2017-11-08,CA,Fountain Vly,Fountain Valley High School College Fair,Fountain Valley High School,17816 Bushard St
2017-11-08,CA,Los Angeles,Marymount High School,Marymount High School,10643 W Sunset Blvd
2017-11-08,KY,Lexington,Lafayette Senior High School,Lafayette Senior High School,401 Reed Ln
2017-11-09,CA,Burbank,John Burroughs High School RACC Mini Fair,John Burroughs High School,1920 W Clark Ave
2017-11-09,GA,Newnan,Newnan High School,Newnan High School,190 Lagrange St
2017-11-09,GA,Newnan,Northgate High School,Northgate High School,3220 Fisher Rd
2017-11-09,GA,Norcross,Norcross High School College Fair,Norcross High School,5300 Spalding Dr
2017-11-09,GA,Sharpsburg,East Coweta High School,East Coweta High School,400 Mccollum Sharpsburg Rd
2017-11-09,GA,Sharpsburg,Trinity Christian School,Trinity Christian School,8817 Highway 54
2017-11-09,SC,Greenville,GREEN Charter School,GREEN Charter School,211 Century Dr
2017-11-10,CA,Los Angeles,Brentwood School,Brentwood School,100 S Barrington Pl
2017-11-10,GA,Douglasville,Douglas County High School,Douglas County High School,8705 Campbellton St
2017-11-10,GA,Douglasville,New Manchesters High School,New Manchester High School,4925 Highway 92/166
2017-11-11,MD,Ft Washington,"Alpha Phi Alpha ""Go to High School, Go to College"" College Fair",Southern Regional Technology and Recreation Complex,7007 Bock Rd
2017-11-12,VA,Norfolk,Norfolk Academy Workshop,Norfolk Academy,1585 Wesleyan Dr
2017-11-14,AZ,Goodyear,BASIS Goodyear,BASIS Goodyear,15800 W Sherman St
2017-11-14,GA,Lithonia,"Martin Luther King, Jr. High School College and Career Day",Martin Luther King Jr High Sch,3991 Snapfinger Rd
2017-11-14,NC,Southern Pines,The O'Neal School,The O'Neal School,3300 Airport Rd
2017-11-14,PA,Pittsburgh,Mount Lebanon High School,Mount Lebanon High School,155 Cochran Rd
2017-11-14,TX,Allen,Allen High School College Panel,Allen High School,300 Rivercrest Blvd
2017-11-15,GA,Marietta,Osborne High School Annual College & Military Fair,Robert L Osborne High School,2451 Favor Rd SW
2017-11-15,GA,Rincon,Effingham College & Career Academy,Effingham College & Career Academy,2940 Georgia 21
2017-11-15,GA,Stone Mtn,Redan,Redan High School,5247 Redan Rd
2017-11-15,PA,Allison Park,Hampton High School,Hampton High School,2929 Mccully Rd
2017-11-16,NJ,Westfield,Westfield High School College Night,Westfield High School,550 Dorian Rd
2017-11-17,ID,Boise,Boise High School,Boise High School,1010 W Washington St
2017-11-21,FL,Jacksonville,Englewood High School,Englewood High School,4412 Barnes Rd
2017-11-29,GA,Atlanta,Dr. Ronald E. McNair,Mcnair High School,1804 Bouldercrest Rd SE
2017-12-01,FL,Jacksonville,Robert E. Lee High School,Robert E Lee Senior HS,1200 Mcduff Ave S
2017-12-02,GA,Brookhaven,NSHSS Holiday Event & College Fair,National Society of High School Scholars,1936 N Druid Hills Rd NE
2017-12-13,DC,Washington,"Evening with UGA in Washington, DC",University of Georgia Delta Hall,608 Massachusetts Ave NE
2017-12-13,GA,Atlanta,Dr. Ronald McNair,Mcnair High School,1804 Bouldercrest Rd SE
